tracklet_id,local_track_id,source_gid,assigned_final_gid,start_frame,end_frame,entry_side,exit_side,quality,best_score,best_prev_tracklet_id,best_prev_source_gid,same_source_best_score,same_source_best_prev_tracklet_id,same_source_bias_applied,same_source_cross_block_fired,decision_reason
1,1,1,22,115,355,right,right,0.8318985202776762,-1.0,0,0,-1.0,0,False,False,new_id_no_candidate|group_merge_pass|overlap_handoff_pass
177,2,2,23,206,212,center,center,1.0,-1.0,0,0,-1.0,0,False,False,new_id_no_candidate|group_merge_pass|overlap_handoff_pass
178,2,2,23,218,233,center,right,0.924,0.9016140159780847,177,2,0.9016140159780847,177,False,False,accepted_reentry_prev_tracklet_177_via_strong_reentry_reuse|group_merge_pass|overlap_handoff_pass
2,1,1,22,358,399,right,right,0.8241596638655462,0.3978529420626771,178,2,-1.0,0,False,False,rejected_weak_score_new_id|group_merge_pass|overlap_handoff_pass
3,1,1,22,402,402,right,right,0.8185330654000731,1.0146813861675543,1,1,1.0146813861675543,1,False,False,accepted_reentry_prev_tracklet_1_via_strong_reentry_reuse|group_merge_pass|overlap_handoff_pass
4,1,1,22,406,418,right,right,0.8243674643770552,1.0211472793079224,3,1,1.0211472793079224,3,False,False,accepted_reentry_prev_tracklet_3_via_same_candidate_safe_accept|group_merge_pass|overlap_handoff_pass
5,1,1,22,421,441,right,right,0.8222225846860483,1.013582930092306,2,1,1.013582930092306,2,False,False,rejected_cross_person_ambiguous_new_id|group_merge_pass|overlap_handoff_pass
6,1,1,22,470,470,right,right,0.8155188162221411,1.0089787614142216,4,1,1.0089787614142216,4,False,False,rejected_cross_person_ambiguous_new_id|group_merge_pass|overlap_handoff_pass
7,1,1,22,473,487,right,right,0.8202137376689806,1.017562069186288,4,1,1.017562069186288,4,False,False,rejected_cross_person_ambiguous_new_id|group_merge_pass|overlap_handoff_pass
8,1,1,22,500,504,right,right,0.8255092254293022,0.9979773863345099,4,1,0.9979773863345099,4,False,False,accepted_reentry_prev_tracklet_4_via_same_candidate_safe_accept|group_merge_pass|overlap_handoff_pass
9,1,1,22,510,582,right,right,0.833127055169894,1.0116581362919643,5,1,1.0116581362919643,5,False,False,rejected_cross_person_ambiguous_new_id|group_merge_pass|overlap_handoff_pass
10,1,1,22,588,588,right,right,0.8264340518816222,1.0098713161543862,9,1,1.0098713161543862,9,False,False,rejected_cross_person_ambiguous_new_id|group_merge_pass|overlap_handoff_pass
11,1,1,22,603,604,right,right,0.8282608695652174,1.0124873750473657,9,1,1.0124873750473657,9,False,False,rejected_cross_person_ambiguous_new_id|group_merge_pass|overlap_handoff_pass
12,1,1,22,608,621,right,right,0.8265139751552795,1.0165690550971043,11,1,1.0165690550971043,11,False,False,rejected_cross_person_ambiguous_new_id|group_merge_pass|overlap_handoff_pass
13,1,1,22,635,636,right,right,0.820040189989039,1.0104042002128755,12,1,1.0104042002128755,12,False,False,rejected_cross_person_ambiguous_new_id|group_merge_pass|overlap_handoff_pass
14,1,1,22,640,667,right,right,0.8235248447204968,1.020801749471637,13,1,1.020801749471637,13,False,False,rejected_cross_person_ambiguous_new_id|group_merge_pass|overlap_handoff_pass
15,1,1,22,670,670,right,right,0.81967482645232,1.0065367647836063,13,1,1.0065367647836063,13,False,False,rejected_cross_person_ambiguous_new_id|group_merge_pass|overlap_handoff_pass
16,1,1,22,674,694,right,right,0.8162256724141993,1.0165101787294555,14,1,1.0165101787294555,14,False,False,rejected_cross_person_ambiguous_new_id|group_merge_pass|overlap_handoff_pass
179,3,3,23,680,703,center,center,0.903942494541372,0.77391817760092,177,2,-1.0,0,False,False,rejected_weak_score_new_id|group_merge_pass|overlap_handoff_pass
17,1,1,22,697,699,right,right,0.8114769820971868,1.0031692683324067,15,1,1.0031692683324067,15,False,False,rejected_cross_person_ambiguous_new_id|group_merge_pass|overlap_handoff_pass
18,1,1,22,702,706,right,right,0.8165121483375959,1.0125557064490895,16,1,1.0125557064490895,16,False,False,rejected_cross_person_ambiguous_new_id|group_merge_pass|overlap_handoff_pass
19,1,1,22,709,726,right,right,0.8203194592859918,1.017070078933006,9,1,1.017070078933006,9,False,False,rejected_cross_person_ambiguous_new_id|group_merge_pass|overlap_handoff_pass
180,3,3,23,716,782,center,center,0.8806647790953243,1.0129642621091355,179,3,1.0129642621091355,179,False,False,accepted_reentry_prev_tracklet_179_via_strong_reentry_reuse|group_merge_pass|overlap_handoff_pass
20,1,1,22,738,751,right,right,0.8214112654114102,1.0222928973612402,19,1,1.0222928973612402,19,False,False,rejected_cross_person_ambiguous_new_id|group_merge_pass|overlap_handoff_pass
21,1,1,22,754,771,right,right,0.8306992072078129,0.9991612057177693,7,1,0.9991612057177693,7,False,False,rejected_cross_person_ambiguous_new_id|group_merge_pass|overlap_handoff_pass
22,1,1,22,776,783,right,right,0.8190411588685954,1.009417165619288,10,1,1.009417165619288,10,False,False,rejected_cross_person_ambiguous_new_id|group_merge_pass|overlap_handoff_pass
214,4,4,43,785,834,center,center,0.9963608343015489,0.49242780067048897,14,1,-1.0,0,False,False,rejected_cross_person_ambiguous_new_id|group_merge_pass|overlap_handoff_pass
181,3,3,23,787,828,center,center,0.9506012519689003,1.0176308752688308,180,3,1.0176308752688308,180,False,False,accepted_reentry_prev_tracklet_180_via_same_candidate_safe_accept|group_merge_pass|overlap_handoff_pass
23,1,1,22,790,797,right,right,0.8172736730343448,1.0117029860320625,22,1,1.0117029860320625,22,False,False,rejected_cross_person_ambiguous_new_id|group_merge_pass|overlap_handoff_pass
24,1,1,22,806,818,right,right,0.813436721748588,1.0191957475115423,23,1,1.0191957475115423,23,False,False,rejected_cross_person_ambiguous_new_id|group_merge_pass|overlap_handoff_pass
25,1,1,22,829,835,right,right,0.811175017584724,1.009159597370435,24,1,1.009159597370435,24,False,False,rejected_cross_person_ambiguous_new_id|group_merge_pass|overlap_handoff_pass
182,3,3,23,832,865,center,center,0.9779592817598965,0.9989346217716786,179,3,0.9989346217716786,179,False,False,accepted_reentry_prev_tracklet_179_via_same_candidate_safe_accept|group_merge_pass|overlap_handoff_pass
26,1,1,22,838,844,right,right,0.818533065400073,1.012032610517694,23,1,1.012032610517694,23,False,False,rejected_cross_person_ambiguous_new_id|group_merge_pass|overlap_handoff_pass
215,4,4,48,840,840,center,center,0.9993880160759956,0.5494051945567159,15,1,0.481648771396219,214,False,False,rejected_cross_person_ambiguous_new_id|group_merge_pass|overlap_handoff_pass
27,1,1,22,850,853,right,right,0.8185413188857261,1.0167922144074004,4,1,1.0167922144074004,4,False,False,rejected_cross_person_ambiguous_new_id|group_merge_pass|overlap_handoff_pass
28,1,1,22,857,861,right,right,0.8157163013223131,1.0246204206245761,27,1,1.0246204206245761,27,False,False,rejected_cross_person_ambiguous_new_id|group_merge_pass|overlap_handoff_pass
183,3,3,23,869,869,center,center,1.0,0.993235751975249,182,3,0.993235751975249,182,False,False,accepted_reentry_prev_tracklet_182_via_strong_reentry_reuse|group_merge_pass|overlap_handoff_pass
29,1,1,22,870,877,right,right,0.8257946656923639,1.0244561555541694,28,1,1.0244561555541694,28,False,False,rejected_cross_person_ambiguous_new_id|group_merge_pass|overlap_handoff_pass
184,3,3,23,873,873,center,center,1.0,0.953484660387949,183,3,0.953484660387949,183,False,False,accepted_reentry_prev_tracklet_183_via_strong_reentry_reuse|group_merge_pass|overlap_handoff_pass
30,1,1,22,880,890,right,right,0.8203869266629278,1.0177674987149503,26,1,1.0177674987149503,26,False,False,rejected_cross_person_ambiguous_new_id|group_merge_pass|overlap_handoff_pass
185,3,3,23,883,887,center,center,1.0,0.9767080924862349,184,3,0.9767080924862349,184,False,False,accepted_reentry_prev_tracklet_184_via_strong_reentry_reuse|group_merge_pass|overlap_handoff_pass
186,3,3,23,903,903,center,center,0.9813433876926587,1.0106073450392283,184,3,1.0106073450392283,184,False,False,accepted_reentry_prev_tracklet_184_via_strong_reentry_reuse|group_merge_pass|overlap_handoff_pass
187,3,3,23,908,947,center,center,1.0,1.010352445224787,186,3,1.010352445224787,186,False,False,accepted_reentry_prev_tracklet_186_via_same_candidate_safe_accept|group_merge_pass|overlap_handoff_pass
31,1,1,22,922,925,right,right,0.8251552795031056,1.0161480629234843,28,1,1.0161480629234843,28,False,False,rejected_cross_person_ambiguous_new_id|group_merge_pass|overlap_handoff_pass
32,1,1,22,928,946,right,right,0.8202575758544354,1.0197674435476018,14,1,1.0197674435476018,14,False,False,rejected_cross_person_ambiguous_new_id|group_merge_pass|overlap_handoff_pass
33,1,1,22,949,951,right,right,0.8231491501150265,1.01390232864771,28,1,1.01390232864771,28,False,False,rejected_cross_person_ambiguous_new_id|group_merge_pass|overlap_handoff_pass
188,3,3,23,950,959,center,center,0.9749767594502304,0.9389891418658977,179,3,0.9389891418658977,179,False,False,accepted_reentry_prev_tracklet_179_via_same_candidate_safe_accept|group_merge_pass|overlap_handoff_pass
34,1,1,22,959,963,right,right,0.8171621433436227,1.0224893184205024,23,1,1.0224893184205024,23,False,False,rejected_cross_person_ambiguous_new_id|group_merge_pass|overlap_handoff_pass
189,3,3,23,964,970,center,center,0.8996056319050765,1.0263016979024042,188,3,1.0263016979024042,188,False,False,accepted_reentry_prev_tracklet_188_via_strong_reentry_reuse|group_merge_pass|overlap_handoff_pass
35,1,1,22,967,999,right,right,0.8223553917364923,1.0179917774050171,9,1,1.0179917774050171,9,False,False,rejected_cross_person_ambiguous_new_id|group_merge_pass|overlap_handoff_pass
190,3,3,23,983,1006,center,center,0.8840473807171463,0.9794604417839659,180,3,0.9794604417839659,180,False,False,accepted_reentry_prev_tracklet_180_via_same_candidate_safe_accept|group_merge_pass|overlap_handoff_pass
191,3,3,23,1014,1015,center,center,0.9788690646989975,0.9928114753512695,190,3,0.9928114753512695,190,False,False,accepted_reentry_prev_tracklet_190_via_same_candidate_safe_accept|group_merge_pass|overlap_handoff_pass
192,3,3,23,1018,1030,center,center,0.8911893777829409,1.0136399166630965,190,3,1.0136399166630965,190,False,False,accepted_reentry_prev_tracklet_190_via_strong_reentry_reuse|group_merge_pass|overlap_handoff_pass
193,3,3,23,1033,1034,center,center,0.9463564995797592,0.9780802336133899,191,3,0.9780802336133899,191,False,False,accepted_reentry_prev_tracklet_191_via_same_candidate_safe_accept|group_merge_pass|overlap_handoff_pass
36,1,1,22,1052,1053,right,right,0.8067879719071768,1.0049112478273179,24,1,1.0049112478273179,24,False,False,rejected_cross_person_ambiguous_new_id|group_merge_pass|overlap_handoff_pass
194,3,3,23,1054,1061,center,center,0.9718691000013786,0.9261041837032397,188,3,0.9261041837032397,188,False,False,accepted_reentry_prev_tracklet_188_via_same_candidate_safe_accept|group_merge_pass|overlap_handoff_pass
37,1,1,22,1060,1089,right,right,0.8236000373151651,1.0167515745411935,32,1,1.0167515745411935,32,False,False,rejected_cross_person_ambiguous_new_id|group_merge_pass|overlap_handoff_pass
38,1,1,22,1092,1105,right,right,0.827278955060285,1.021115014375123,22,1,1.021115014375123,22,False,False,rejected_cross_person_ambiguous_new_id|group_merge_pass|overlap_handoff_pass
39,1,1,22,1110,1119,right,right,0.8194921446839605,1.0212827971901175,25,1,1.0212827971901175,25,False,False,rejected_cross_person_ambiguous_new_id|group_merge_pass|overlap_handoff_pass
195,3,3,23,1113,1125,center,center,0.9678206065034709,0.9687241646485918,182,3,0.9687241646485918,182,False,False,accepted_reentry_prev_tracklet_182_via_same_candidate_safe_accept|group_merge_pass|overlap_handoff_pass
196,3,3,23,1128,1131,center,center,0.9660944945759615,0.9022234943498251,182,3,0.9022234943498251,182,False,False,accepted_reentry_prev_tracklet_182_via_same_candidate_safe_accept|group_merge_pass|overlap_handoff_pass
40,1,1,22,1147,1176,right,right,0.8257741955856419,1.0161980307127505,33,1,1.0161980307127505,33,False,False,rejected_cross_person_ambiguous_new_id|group_merge_pass|overlap_handoff_pass
41,1,1,22,1184,1186,right,right,0.8233741322616003,1.0159422236838613,40,1,1.0159422236838613,40,False,False,rejected_cross_person_ambiguous_new_id|group_merge_pass|overlap_handoff_pass
42,1,1,22,1189,1220,right,right,0.8314144135915236,1.0262553177837614,40,1,1.0262553177837614,40,False,False,rejected_cross_person_ambiguous_new_id|group_merge_pass|overlap_handoff_pass
197,3,3,23,1192,1195,center,center,0.9863675871799715,0.9540552047716518,186,3,0.9540552047716518,186,False,False,accepted_reentry_prev_tracklet_186_via_same_candidate_safe_accept|group_merge_pass|overlap_handoff_pass
198,3,3,23,1200,1203,center,center,1.0,0.9836327700469241,197,3,0.9836327700469241,197,False,False,accepted_reentry_prev_tracklet_197_via_strong_reentry_reuse|group_merge_pass|overlap_handoff_pass
199,3,3,23,1207,1207,center,center,1.0,0.8504585637735168,197,3,0.8504585637735168,197,False,False,rejected_weak_score_new_id|group_merge_pass|overlap_handoff_pass
200,3,3,23,1212,1212,center,center,1.0,0.8475939142225611,199,3,0.8475939142225611,199,False,False,rejected_weak_score_new_id|group_merge_pass|overlap_handoff_pass
43,1,1,22,1223,1225,right,right,0.8282608695652174,1.0123922430983097,28,1,1.0123922430983097,28,False,False,rejected_cross_person_ambiguous_new_id|group_merge_pass|overlap_handoff_pass
44,1,1,22,1228,1228,right,right,0.8282608695652174,1.0161733196181502,42,1,1.0161733196181502,42,False,False,rejected_cross_person_ambiguous_new_id|group_merge_pass|overlap_handoff_pass
45,1,1,22,1239,1241,right,right,0.8071611253196931,1.0058433837164327,26,1,1.0058433837164327,26,False,False,rejected_cross_person_ambiguous_new_id|group_merge_pass|overlap_handoff_pass
46,1,1,22,1244,1246,right,right,0.8185330654000731,1.0158160996148515,43,1,1.0158160996148515,43,False,False,rejected_cross_person_ambiguous_new_id|group_merge_pass|overlap_handoff_pass
47,1,1,22,1260,1262,right,right,0.8316176470588235,1.0128113443007476,42,1,1.0128113443007476,42,False,False,rejected_cross_person_ambiguous_new_id|group_merge_pass|overlap_handoff_pass
48,1,1,22,1273,1283,right,right,0.8327365728900256,1.0154214650472895,37,1,1.0154214650472895,37,False,False,rejected_cross_person_ambiguous_new_id|group_merge_pass|overlap_handoff_pass
49,1,1,22,1289,1289,right,right,0.8264340518816222,1.0297565786021343,48,1,1.0297565786021343,48,False,False,rejected_cross_person_ambiguous_new_id|group_merge_pass|overlap_handoff_pass
50,1,1,22,1292,1301,right,right,0.8386680215564486,1.0162766693115834,48,1,1.0162766693115834,48,False,False,rejected_cross_person_ambiguous_new_id|group_merge_pass|overlap_handoff_pass
51,1,1,22,1304,1304,right,right,0.8381713554987212,1.013756505467511,49,1,1.013756505467511,49,False,False,rejected_cross_person_ambiguous_new_id|group_merge_pass|overlap_handoff_pass
52,1,1,22,1307,1311,right,right,0.8389705882352941,1.0130718576864812,36,1,1.0130718576864812,36,False,False,rejected_cross_person_ambiguous_new_id|group_merge_pass|overlap_handoff_pass
53,1,1,22,1319,1324,right,right,0.8349744245524297,1.0208185848701457,40,1,1.0208185848701457,40,False,False,rejected_cross_person_ambiguous_new_id|group_merge_pass|overlap_handoff_pass
54,1,1,22,1328,1328,right,right,0.8298136645962733,1.0184824596596405,50,1,1.0184824596596405,50,False,False,rejected_cross_person_ambiguous_new_id|group_merge_pass|overlap_handoff_pass
55,1,1,22,1331,1331,right,right,0.8282608695652174,1.0179385530169536,40,1,1.0179385530169536,40,False,False,rejected_cross_person_ambiguous_new_id|group_merge_pass|overlap_handoff_pass
56,1,1,22,1345,1353,right,right,0.8338554987212277,1.023858430095734,38,1,1.023858430095734,38,False,False,rejected_cross_person_ambiguous_new_id|group_merge_pass|overlap_handoff_pass
57,1,1,22,1369,1387,right,right,0.8383181533482958,1.0249226037326613,52,1,1.0249226037326613,52,False,False,rejected_cross_person_ambiguous_new_id|group_merge_pass|overlap_handoff_pass
58,1,1,22,1401,1403,right,right,0.8551150895140665,1.0233799067614118,57,1,1.0233799067614118,57,False,False,rejected_cross_person_ambiguous_new_id|group_merge_pass|overlap_handoff_pass
59,1,1,22,1406,1407,right,right,0.8416879795396419,1.0193594387085,40,1,1.0193594387085,40,False,False,rejected_cross_person_ambiguous_new_id|group_merge_pass|overlap_handoff_pass
201,3,3,23,1410,1417,center,center,1.0,0.932661930116726,197,3,0.932661930116726,197,False,False,accepted_reentry_prev_tracklet_197_via_same_candidate_safe_accept|group_merge_pass|overlap_handoff_pass
202,3,3,23,1422,1424,center,center,1.0,0.9514906224501468,201,3,0.9514906224501468,201,False,False,accepted_reentry_prev_tracklet_201_via_strong_reentry_reuse|group_merge_pass|overlap_handoff_pass
60,1,1,22,1424,1424,right,right,0.8517583120204604,1.0208593018049645,58,1,1.0208593018049645,58,False,False,rejected_cross_person_ambiguous_new_id|group_merge_pass|overlap_handoff_pass
203,3,3,23,1427,1427,center,center,0.9829009864815491,0.8455937787294948,195,3,0.8455937787294948,195,False,False,accepted_reentry_prev_tracklet_195_via_same_candidate_safe_accept|group_merge_pass|overlap_handoff_pass
61,1,1,22,1433,1439,right,right,0.8450447570332481,1.0203841867231112,54,1,1.0203841867231112,54,False,False,rejected_cross_person_ambiguous_new_id|group_merge_pass|overlap_handoff_pass
62,1,1,22,1460,1462,right,right,0.8333759590792839,1.016399738499475,56,1,1.016399738499475,56,False,False,rejected_cross_person_ambiguous_new_id|group_merge_pass|overlap_handoff_pass
63,1,1,22,1478,1478,right,right,0.8349744245524297,1.0134843102923579,50,1,1.0134843102923579,50,False,False,rejected_cross_person_ambiguous_new_id|group_merge_pass|overlap_handoff_pass
64,1,1,22,1481,1485,right,right,0.8375662221410303,1.015400975089714,62,1,1.015400975089714,62,False,False,rejected_cross_person_ambiguous_new_id|group_merge_pass|overlap_handoff_pass
65,1,1,22,1489,1504,right,right,0.836399342345634,1.0198677317998737,62,1,1.0198677317998737,62,False,False,rejected_cross_person_ambiguous_new_id|group_merge_pass|overlap_handoff_pass
66,1,1,22,1509,1519,right,right,0.8454386645962733,1.0124025703834036,39,1,1.0124025703834036,39,False,False,rejected_cross_person_ambiguous_new_id|group_merge_pass|overlap_handoff_pass
204,3,3,23,1516,1600,center,center,0.9108515799125927,0.8272854487845462,195,3,0.8272854487845462,195,False,False,rejected_ambiguous_margin_new_id|group_merge_pass|overlap_handoff_pass
67,1,1,22,1524,1524,right,right,0.8517583120204604,1.0232252954036536,66,1,1.0232252954036536,66,False,False,rejected_cross_person_ambiguous_new_id|group_merge_pass|overlap_handoff_pass
68,1,1,22,1528,1659,right,right,0.8396898976982097,1.0219591983884242,57,1,1.0219591983884242,57,False,False,rejected_cross_person_ambiguous_new_id|group_merge_pass|overlap_handoff_pass
205,3,3,23,1624,1626,center,center,1.0,0.8341392328003557,199,3,0.8341392328003557,199,False,False,rejected_cross_person_ambiguous_new_id|group_merge_pass|overlap_handoff_pass
206,3,3,23,1629,1629,center,center,1.0,0.8404025249091958,199,3,0.8404025249091958,199,False,False,rejected_cross_person_ambiguous_new_id|group_merge_pass|overlap_handoff_pass
69,1,1,22,1667,1749,right,right,0.8279959810010962,1.0199867698014629,68,1,1.0199867698014629,68,False,False,rejected_cross_person_ambiguous_new_id|group_merge_pass|overlap_handoff_pass
207,3,3,23,1696,1737,center,center,1.0,0.9067706246196809,195,3,0.9067706246196809,195,False,False,rejected_cross_person_ambiguous_new_id|group_merge_pass|overlap_handoff_pass
208,3,3,23,1749,1810,center,center,1.0,0.8945551789009181,200,3,0.8945551789009181,200,False,False,accepted_reentry_prev_tracklet_200_via_strong_reentry_reuse|group_merge_pass|overlap_handoff_pass
70,1,1,22,1758,1769,right,right,0.8216215290464013,1.0080063351735606,68,1,1.0080063351735606,68,False,False,rejected_cross_person_ambiguous_new_id|group_merge_pass|overlap_handoff_pass
71,1,1,22,1800,1856,right,right,0.8307407745706978,1.0120812158581376,68,1,1.0120812158581376,68,False,False,rejected_cross_person_ambiguous_new_id|group_merge_pass|overlap_handoff_pass
209,3,3,23,1831,1855,center,center,0.8718533065400073,0.8119318213631922,206,3,0.8119318213631922,206,False,False,rejected_cross_person_ambiguous_new_id|group_merge_pass|overlap_handoff_pass
72,1,1,22,1859,1873,right,right,0.8330608330288637,1.0062445261295994,70,1,1.0062445261295994,70,False,False,rejected_cross_person_ambiguous_new_id|group_merge_pass|overlap_handoff_pass
73,1,1,22,1876,1892,right,right,0.8300077639751553,1.017364246834658,71,1,1.017364246834658,71,False,False,rejected_cross_person_ambiguous_new_id|group_merge_pass|overlap_handoff_pass
74,1,1,22,1904,1908,right,right,0.8324168797953964,1.0238200351853113,72,1,1.0238200351853113,72,False,False,rejected_cross_person_ambiguous_new_id|group_merge_pass|overlap_handoff_pass
75,1,1,22,1920,1921,right,right,0.845044757033248,1.0196597330871946,71,1,1.0196597330871946,71,False,False,rejected_cross_person_ambiguous_new_id|group_merge_pass|overlap_handoff_pass
76,1,1,22,1945,1951,right,right,0.8416879795396419,1.0178430965146554,71,1,1.0178430965146554,71,False,False,rejected_cross_person_ambiguous_new_id|group_merge_pass|overlap_handoff_pass
77,1,1,22,1954,1967,right,right,0.8243960084033614,1.020922924552789,71,1,1.020922924552789,71,False,False,rejected_cross_person_ambiguous_new_id|group_merge_pass|overlap_handoff_pass
78,1,1,22,1970,2011,right,right,0.8322250639386188,1.021736647874834,73,1,1.021736647874834,73,False,False,rejected_cross_person_ambiguous_new_id|group_merge_pass|overlap_handoff_pass
79,1,1,22,2020,2039,right,right,0.8280781877968578,1.0132695308790989,78,1,1.0132695308790989,78,False,False,rejected_cross_person_ambiguous_new_id|group_merge_pass|overlap_handoff_pass
80,1,1,22,2042,2057,right,right,0.8174826452320058,1.0120727763231783,77,1,1.0120727763231783,77,False,False,rejected_cross_person_ambiguous_new_id|group_merge_pass|overlap_handoff_pass
210,3,3,23,2054,2059,center,center,0.9147917936654335,0.917058217685784,207,3,0.917058217685784,207,False,False,rejected_cross_person_ambiguous_new_id|group_merge_pass|overlap_handoff_pass
81,1,1,22,2060,2069,right,right,0.8304701772013153,1.0176845715301817,79,1,1.0176845715301817,79,False,False,rejected_cross_person_ambiguous_new_id|group_merge_pass|overlap_handoff_pass
211,3,3,23,2074,2074,center,center,0.85,0.8064583087563234,190,3,0.8064583087563234,190,False,False,rejected_cross_person_ambiguous_new_id|group_merge_pass|overlap_handoff_pass
212,3,3,23,2078,2099,center,center,0.9845125822067957,0.9191234892837611,210,3,0.9191234892837611,210,False,False,rejected_cross_person_ambiguous_new_id|group_merge_pass|overlap_handoff_pass
82,1,1,22,2096,2099,right,right,0.8220496894409938,1.0140966315001227,79,1,1.0140966315001227,79,False,False,rejected_cross_person_ambiguous_new_id|group_merge_pass|overlap_handoff_pass
213,3,3,23,2102,2111,center,center,1.0,0.7946022116015082,209,3,0.7946022116015082,209,False,False,rejected_cross_person_ambiguous_new_id|group_merge_pass|overlap_handoff_pass
83,1,1,22,2106,2249,right,right,0.8301584764340518,1.0214809971940797,79,1,1.0214809971940797,79,False,False,rejected_cross_person_ambiguous_new_id|group_merge_pass|overlap_handoff_pass
84,1,1,22,2254,2259,right,right,0.8159641030325173,0.9952916623380086,83,1,0.9952916623380086,83,False,False,rejected_cross_person_ambiguous_new_id|group_merge_pass|overlap_handoff_pass
85,1,1,22,2262,2282,right,right,0.8207480818414322,1.0073606758761915,83,1,1.0073606758761915,83,False,False,rejected_cross_person_ambiguous_new_id|group_merge_pass|overlap_handoff_pass
86,1,1,22,2290,2314,right,right,0.8239861161856046,1.0149075392237616,85,1,1.0149075392237616,85,False,False,rejected_cross_person_ambiguous_new_id|group_merge_pass|overlap_handoff_pass
87,1,1,22,2318,2328,right,right,0.8208736755571795,1.0124910159230283,86,1,1.0124910159230283,86,False,False,rejected_cross_person_ambiguous_new_id|group_merge_pass|overlap_handoff_pass
88,1,1,22,2343,2359,right,right,0.8207975581536963,1.010362833784682,86,1,1.010362833784682,86,False,False,rejected_cross_person_ambiguous_new_id|group_merge_pass|overlap_handoff_pass
89,1,1,22,2363,2369,right,right,0.8209231518694434,1.0213515231032462,88,1,1.0213515231032462,88,False,False,rejected_cross_person_ambiguous_new_id|group_merge_pass|overlap_handoff_pass
90,1,1,22,2377,2381,right,right,0.8215473145780051,1.017589227149972,80,1,1.017589227149972,80,False,False,rejected_cross_person_ambiguous_new_id|group_merge_pass|overlap_handoff_pass
91,1,1,22,2389,2477,right,right,0.8271670624771648,1.0152732118900494,90,1,1.0152732118900494,90,False,False,rejected_cross_person_ambiguous_new_id|group_merge_pass|overlap_handoff_pass
92,1,1,22,2486,2499,right,right,0.828411582024114,1.0236805419041,91,1,1.0236805419041,91,False,False,rejected_cross_person_ambiguous_new_id|group_merge_pass|overlap_handoff_pass
93,1,1,22,2508,2589,right,right,0.8360613810741688,1.0124334932483166,91,1,1.0124334932483166,91,False,False,rejected_cross_person_ambiguous_new_id|group_merge_pass|overlap_handoff_pass
216,10,10,127,2515,2618,center,center,1.0,0.6014342205731212,213,3,-1.0,0,False,False,rejected_cross_person_ambiguous_new_id|group_merge_pass|overlap_handoff_pass
94,1,1,22,2598,2600,right,right,0.820040189989039,1.0080836740034567,93,1,1.0080836740034567,93,False,False,rejected_cross_person_ambiguous_new_id|group_merge_pass|overlap_handoff_pass
95,1,1,22,2603,2607,right,right,0.8223008768724882,1.0110359529973505,93,1,1.0110359529973505,93,False,False,rejected_cross_person_ambiguous_new_id|group_merge_pass|overlap_handoff_pass
96,1,1,22,2610,2613,right,right,0.8181905370843989,0.9963073041878475,92,1,0.9963073041878475,92,False,False,rejected_cross_person_ambiguous_new_id|group_merge_pass|overlap_handoff_pass
97,1,1,22,2618,2733,right,right,0.8351730909755206,1.0117713921855707,93,1,1.0117713921855707,93,False,False,rejected_cross_person_ambiguous_new_id|group_merge_pass|overlap_handoff_pass
217,10,10,127,2621,2653,center,center,1.0,0.6096704171790363,204,3,-1.0,0,False,False,rejected_cross_person_ambiguous_new_id|group_merge_pass|overlap_handoff_pass
218,10,10,127,2656,2670,center,center,1.0,1.0304381081799447,216,10,1.0304381081799447,216,False,False,accepted_reentry_prev_tracklet_216_via_strong_reentry_reuse|group_merge_pass|overlap_handoff_pass
219,10,10,127,2673,2887,center,center,1.0,0.9967437343191864,216,10,0.9967437343191864,216,False,False,accepted_reentry_prev_tracklet_216_via_strong_reentry_reuse|group_merge_pass|overlap_handoff_pass
98,1,1,22,2740,2749,right,right,0.8287175739861161,1.0236009775693913,97,1,1.0236009775693913,97,False,False,rejected_cross_person_ambiguous_new_id|group_merge_pass|overlap_handoff_pass
99,1,1,22,2755,2757,right,right,0.8383312020460358,1.0054563912061192,93,1,1.0054563912061192,93,False,False,rejected_cross_person_ambiguous_new_id|group_merge_pass|overlap_handoff_pass
100,1,1,22,2763,2805,right,right,0.8350292290829376,1.0137346087209342,93,1,1.0137346087209342,93,False,False,rejected_cross_person_ambiguous_new_id|group_merge_pass|overlap_handoff_pass
101,1,1,22,2810,2838,right,right,0.8324419985385457,1.0304633598212904,100,1,1.0304633598212904,100,False,False,rejected_cross_person_ambiguous_new_id|group_merge_pass|overlap_handoff_pass
102,1,1,22,2845,2879,right,right,0.8300351662404093,1.017070917421995,101,1,1.017070917421995,101,False,False,rejected_cross_person_ambiguous_new_id|group_merge_pass|overlap_handoff_pass
103,1,1,22,2882,2913,right,right,0.8237828827183048,1.0101579408203734,91,1,1.0101579408203734,91,False,False,rejected_cross_person_ambiguous_new_id|group_merge_pass|overlap_handoff_pass
104,1,1,22,2920,2964,right,right,0.825365363536719,1.0210016419070183,103,1,1.0210016419070183,103,False,False,rejected_cross_person_ambiguous_new_id|group_merge_pass|overlap_handoff_pass
105,1,1,22,2968,2989,right,right,0.8256870139360093,1.018357986405485,104,1,1.018357986405485,104,False,False,rejected_cross_person_ambiguous_new_id|group_merge_pass|overlap_handoff_pass
233,11,11,141,2988,3006,center,center,1.0,0.6332722508817942,219,10,-1.0,0,False,False,rejected_weak_score_new_id|group_merge_pass|overlap_handoff_pass
106,1,1,22,3004,3174,right,right,0.8299278407014979,1.0168641130981864,96,1,1.0168641130981864,96,False,False,rejected_cross_person_ambiguous_new_id|group_merge_pass|overlap_handoff_pass
107,1,1,22,3177,3242,right,right,0.8282631530873219,1.0036326732073435,98,1,1.0036326732073435,98,False,False,rejected_cross_person_ambiguous_new_id|group_merge_pass|overlap_handoff_pass
220,10,10,127,3229,3257,center,center,0.9995962732919255,0.8958199927829803,217,10,0.8958199927829803,217,False,False,rejected_cross_person_ambiguous_new_id|group_merge_pass|overlap_handoff_pass
108,1,1,22,3248,3296,right,right,0.832757124588966,1.016583792052533,106,1,1.016583792052533,106,False,False,rejected_cross_person_ambiguous_new_id|group_merge_pass|overlap_handoff_pass
221,10,10,127,3260,3267,center,center,1.0,0.807553549069681,217,10,0.807553549069681,217,False,False,rejected_cross_person_ambiguous_new_id|group_merge_pass|overlap_handoff_pass
222,10,10,127,3270,3271,center,center,1.0,0.944762330774161,220,10,0.944762330774161,220,False,False,accepted_reentry_prev_tracklet_220_via_strong_reentry_reuse|group_merge_pass|overlap_handoff_pass
223,10,10,127,3279,3279,center,center,1.0,1.0200594857766128,222,10,1.0200594857766128,222,False,False,rejected_cross_person_ambiguous_new_id|group_merge_pass|overlap_handoff_pass
224,10,10,127,3287,3304,center,center,1.0,1.0058702460782898,223,10,1.0058702460782898,223,False,False,rejected_cross_person_ambiguous_new_id|group_merge_pass|overlap_handoff_pass
109,1,1,22,3300,3302,right,right,0.8245615637559371,1.0192272914854985,108,1,1.0192272914854985,108,False,False,rejected_cross_person_ambiguous_new_id|group_merge_pass|overlap_handoff_pass
110,1,1,22,3305,3410,right,right,0.8190354402630616,1.0151093634111399,108,1,1.0151093634111399,108,False,False,rejected_cross_person_ambiguous_new_id|group_merge_pass|overlap_handoff_pass
111,1,1,22,3413,3419,right,right,0.8109365485324566,1.0072268919519347,107,1,1.0072268919519347,107,False,False,rejected_cross_person_ambiguous_new_id|group_merge_pass|overlap_handoff_pass
112,1,1,22,3455,3458,right,right,0.8189326817683595,1.0165505770610515,110,1,1.0165505770610515,110,False,False,rejected_cross_person_ambiguous_new_id|group_merge_pass|overlap_handoff_pass
113,1,1,22,3467,3469,right,right,0.8133723054439167,0.9944655882116318,111,1,0.9944655882116318,111,False,False,rejected_cross_person_ambiguous_new_id|group_merge_pass|overlap_handoff_pass
114,1,1,22,3476,3481,right,right,0.8265824808184143,1.0149616894490967,110,1,1.0149616894490967,110,False,False,rejected_cross_person_ambiguous_new_id|group_merge_pass|overlap_handoff_pass
115,1,1,22,3492,3492,right,right,0.8215473145780051,1.0131902036405451,113,1,1.0131902036405451,113,False,False,rejected_cross_person_ambiguous_new_id|group_merge_pass|overlap_handoff_pass
116,1,1,22,3495,3587,right,right,0.8512879064669348,1.0107133274357591,103,1,1.0107133274357591,103,False,False,rejected_cross_person_ambiguous_new_id|group_merge_pass|overlap_handoff_pass
117,1,1,22,3612,3613,right,right,0.8215473145780051,1.012664300339651,116,1,1.012664300339651,116,False,False,rejected_cross_person_ambiguous_new_id|group_merge_pass|overlap_handoff_pass
118,1,1,22,3625,3643,right,right,0.8179654470483845,1.0080429444800303,117,1,1.0080429444800303,117,False,False,rejected_cross_person_ambiguous_new_id|group_merge_pass|overlap_handoff_pass
234,13,13,159,3648,3658,center,center,0.9726889204074274,0.7315052937050225,220,10,-1.0,0,False,False,rejected_cross_person_ambiguous_new_id|group_merge_pass|overlap_handoff_pass
119,1,1,22,3649,3651,right,right,0.820040189989039,1.020948387637975,118,1,1.020948387637975,118,False,False,rejected_cross_person_ambiguous_new_id|group_merge_pass|overlap_handoff_pass
120,1,1,22,3659,3669,right,right,0.816877511874315,1.015850585320246,117,1,1.015850585320246,117,False,False,rejected_cross_person_ambiguous_new_id|group_merge_pass|overlap_handoff_pass
225,10,10,127,3663,3672,center,center,0.9889601409885695,0.8810532604526744,221,10,0.8810532604526744,221,False,False,rejected_cross_person_ambiguous_new_id|group_merge_pass|overlap_handoff_pass
235,13,13,159,3666,3669,center,center,0.977920281977139,1.0175398073754378,234,13,1.0175398073754378,234,False,False,accepted_reentry_prev_tracklet_234_via_strong_reentry_reuse|group_merge_pass|overlap_handoff_pass
121,1,1,22,3673,3681,right,right,0.8193094629156009,1.0145288580017457,120,1,1.0145288580017457,120,False,False,rejected_cross_person_ambiguous_new_id|group_merge_pass|overlap_handoff_pass
226,10,10,127,3676,3679,center,center,1.0,0.969839272728897,225,10,0.969839272728897,225,False,False,accepted_reentry_prev_tracklet_225_via_strong_reentry_reuse|group_merge_pass|overlap_handoff_pass
227,10,10,127,3688,3689,center,center,1.0,0.9617097911589443,226,10,0.9617097911589443,226,False,False,accepted_reentry_prev_tracklet_226_via_strong_reentry_reuse|group_merge_pass|overlap_handoff_pass
122,1,1,22,3690,3694,right,right,0.8174483924004384,1.0151774312454527,118,1,1.0151774312454527,118,False,False,rejected_cross_person_ambiguous_new_id|group_merge_pass|overlap_handoff_pass
123,1,1,22,3697,3705,right,right,0.8205425648520278,1.0141565185659829,121,1,1.0141565185659829,121,False,False,rejected_cross_person_ambiguous_new_id|group_merge_pass|overlap_handoff_pass
228,10,10,127,3697,3699,center,center,1.0,0.9364944913443972,226,10,0.9364944913443972,226,False,False,accepted_reentry_prev_tracklet_226_via_same_candidate_safe_accept|group_merge_pass|overlap_handoff_pass
229,10,10,127,3703,3703,center,center,1.0,1.0000115805263727,227,10,1.0000115805263727,227,False,False,accepted_reentry_prev_tracklet_227_via_strong_reentry_reuse|group_merge_pass|overlap_handoff_pass
230,10,10,127,3712,3725,center,center,1.0,0.9920789098635061,229,10,0.9920789098635061,229,False,False,accepted_reentry_prev_tracklet_229_via_strong_reentry_reuse|group_merge_pass|overlap_handoff_pass
124,1,1,22,3727,3727,right,right,0.8181905370843989,1.0093760449397753,115,1,1.0093760449397753,115,False,False,rejected_cross_person_ambiguous_new_id|group_merge_pass|overlap_handoff_pass
125,1,1,22,3733,3735,right,right,0.8215473145780051,1.0127544417154164,124,1,1.0127544417154164,124,False,False,rejected_cross_person_ambiguous_new_id|group_merge_pass|overlap_handoff_pass
231,10,10,127,3742,3773,center,center,0.9433663682864448,0.5973089761426335,228,10,0.5973089761426335,228,False,False,rejected_cross_person_ambiguous_new_id|group_merge_pass|overlap_handoff_pass
126,1,1,22,3753,3754,center,center,0.9835394792938097,0.8274486583057439,116,1,0.8274486583057439,116,False,False,rejected_cross_person_ambiguous_new_id|group_merge_pass|overlap_handoff_pass
236,15,15,170,3766,3770,center,center,0.8367713377213497,0.6274473092585869,126,1,-1.0,0,False,False,rejected_weak_score_new_id|group_merge_pass|overlap_handoff_pass
127,1,1,22,3767,3775,center,center,0.9797129729658338,0.9712932935224714,126,1,0.9712932935224714,126,False,False,rejected_cross_person_ambiguous_new_id|group_merge_pass|overlap_handoff_pass
128,1,1,22,3778,3786,center,center,0.9614130434782608,0.9573855883776778,116,1,0.9573855883776778,116,False,False,rejected_cross_person_ambiguous_new_id|group_merge_pass|overlap_handoff_pass
232,10,10,127,3790,3812,center,center,0.9125565171720862,1.0182220457484132,231,10,1.0182220457484132,231,False,False,accepted_reentry_prev_tracklet_231_via_strong_reentry_reuse|group_merge_pass|overlap_handoff_pass
237,15,15,170,3804,3816,center,center,1.0,0.7477539016945096,236,15,0.7477539016945096,236,False,False,rejected_weak_score_new_id|group_merge_pass|overlap_handoff_pass
238,15,15,170,3819,3825,center,center,1.0,0.7283432876077539,236,15,0.7283432876077539,236,False,False,rejected_weak_score_new_id|group_merge_pass|overlap_handoff_pass
239,15,15,170,3830,3837,center,center,1.0,1.0401948968500176,238,15,1.0401948968500176,238,False,False,accepted_reentry_prev_tracklet_238_via_strong_reentry_reuse|group_merge_pass|overlap_handoff_pass
240,15,15,170,3842,3845,center,center,1.0,1.0493028079052313,239,15,1.0493028079052313,239,False,False,accepted_reentry_prev_tracklet_239_via_same_candidate_safe_accept|group_merge_pass|overlap_handoff_pass
241,15,15,170,3848,3866,center,right,0.9785779529202986,1.0372624530792802,239,15,1.0372624530792802,239,False,False,accepted_reentry_prev_tracklet_239_via_same_candidate_safe_accept|group_merge_pass|overlap_handoff_pass
242,15,15,170,3875,3877,center,center,1.0,1.0558845310124065,240,15,1.0558845310124065,240,False,False,accepted_reentry_prev_tracklet_240_via_same_candidate_safe_accept|group_merge_pass|overlap_handoff_pass
129,1,1,22,3884,3884,right,right,0.8419396651288108,0.9935694833089109,114,1,0.9935694833089109,114,False,False,rejected_cross_person_ambiguous_new_id|group_merge_pass|overlap_handoff_pass
243,15,15,170,3884,3897,center,center,0.9984016590662729,1.0550610695644174,242,15,1.0550610695644174,242,False,False,accepted_reentry_prev_tracklet_242_via_same_candidate_safe_accept|group_merge_pass|overlap_handoff_pass
130,1,1,22,3915,3922,right,right,0.8261219705273413,1.0013562243870764,124,1,1.0013562243870764,124,False,False,rejected_cross_person_ambiguous_new_id|group_merge_pass|overlap_handoff_pass
244,15,15,170,3991,3991,center,center,1.0,0.9228934128494712,236,15,0.9228934128494712,236,False,False,accepted_reentry_prev_tracklet_236_via_strong_reentry_reuse|group_merge_pass|overlap_handoff_pass
245,15,15,22,3998,3999,right,right,0.8333759590792839,1.0017724826025427,130,1,0.5745476211408485,241,False,False,rejected_cross_person_ambiguous_new_id|group_merge_pass|overlap_handoff_pass
131,1,1,22,4030,4030,right,right,0.8155188162221411,0.9805496102087455,129,1,0.9805496102087455,129,False,False,rejected_cross_person_ambiguous_new_id|group_merge_pass|overlap_handoff_pass
132,1,1,22,4038,4039,right,right,0.8155188162221411,1.0121683732077615,131,1,1.0121683732077615,131,False,False,rejected_cross_person_ambiguous_new_id|group_merge_pass|overlap_handoff_pass
133,1,1,22,4042,4051,right,right,0.8219279015954207,1.0090419528221066,131,1,1.0090419528221066,131,False,False,rejected_cross_person_ambiguous_new_id|group_merge_pass|overlap_handoff_pass
134,1,1,22,4058,4080,right,right,0.8340495981001097,1.0146247175162308,133,1,1.0146247175162308,133,False,False,rejected_cross_person_ambiguous_new_id|group_merge_pass|overlap_handoff_pass
135,1,1,22,4085,4106,right,right,0.8209107827913774,1.0182655435210486,134,1,1.0182655435210486,134,False,False,rejected_cross_person_ambiguous_new_id|group_merge_pass|overlap_handoff_pass
136,1,1,22,4113,4119,right,right,0.8601502557544758,1.0011217655650253,134,1,1.0011217655650253,134,False,False,rejected_cross_person_ambiguous_new_id|group_merge_pass|overlap_handoff_pass
137,1,1,22,4136,4137,right,right,0.8220496894409938,1.0040619538679896,135,1,1.0040619538679896,135,False,False,rejected_cross_person_ambiguous_new_id|group_merge_pass|overlap_handoff_pass
138,1,1,22,4154,4154,right,right,0.826890756302521,1.0094975917574263,137,1,1.0094975917574263,137,False,False,rejected_cross_person_ambiguous_new_id|group_merge_pass|overlap_handoff_pass
139,1,1,22,4167,4167,right,right,0.8218441724515894,1.01137093963999,138,1,1.01137093963999,138,False,False,rejected_cross_person_ambiguous_new_id|group_merge_pass|overlap_handoff_pass
140,1,1,22,4176,4192,right,right,0.8269265020651714,1.0152678027817497,134,1,1.0152678027817497,134,False,False,rejected_cross_person_ambiguous_new_id|group_merge_pass|overlap_handoff_pass
269,16,16,188,4189,4203,right,right,0.9149427182407586,0.6079174606397727,237,15,-1.0,0,False,False,rejected_cross_person_ambiguous_new_id|group_merge_pass|overlap_handoff_pass
141,1,1,22,4195,4198,right,right,0.8171829996167367,1.008709195543155,135,1,1.008709195543155,135,False,False,rejected_cross_person_ambiguous_new_id|group_merge_pass|overlap_handoff_pass
142,1,1,22,4202,4204,right,right,0.8110883321227931,1.0097472571898554,137,1,1.0097472571898554,137,False,False,rejected_cross_person_ambiguous_new_id|group_merge_pass|overlap_handoff_pass
143,1,1,22,4222,4222,right,right,0.8167373361263848,1.0091011492481596,123,1,1.0091011492481596,123,False,False,rejected_cross_person_ambiguous_new_id|group_merge_pass|overlap_handoff_pass
270,16,16,188,4244,4267,right,right,0.9954146681773385,0.9831710501329967,269,16,0.9831710501329967,269,False,False,accepted_reentry_prev_tracklet_269_via_strong_reentry_reuse|group_merge_pass|overlap_handoff_pass
144,1,1,22,4251,4260,right,right,0.8286385758921817,1.0038569931201002,133,1,1.0038569931201002,133,False,False,rejected_cross_person_ambiguous_new_id|group_merge_pass|overlap_handoff_pass
271,16,16,188,4271,4292,right,right,0.9981652951444184,1.0125446206946722,270,16,1.0125446206946722,270,False,False,accepted_reentry_prev_tracklet_270_via_same_candidate_safe_accept|group_merge_pass|overlap_handoff_pass
246,15,15,127,4281,4325,center,center,1.0,0.7507717014190656,220,10,0.4969683698424398,237,False,False,rejected_cross_person_ambiguous_new_id|group_merge_pass|overlap_handoff_pass
145,1,1,22,4295,4297,right,right,0.8218441724515894,1.0041596849723138,139,1,1.0041596849723138,139,False,False,rejected_cross_person_ambiguous_new_id|group_merge_pass|overlap_handoff_pass
146,1,1,22,4305,4322,right,right,0.8308591023509989,1.0092156794552005,133,1,1.0092156794552005,133,False,False,rejected_cross_person_ambiguous_new_id|group_merge_pass|overlap_handoff_pass
147,1,1,22,4329,4333,right,right,0.8123878650839345,1.0101793954997527,146,1,1.0101793954997527,146,False,False,rejected_cross_person_ambiguous_new_id|group_merge_pass|overlap_handoff_pass
247,15,15,127,4335,4335,center,center,1.0,1.0333884718382436,246,15,1.0333884718382436,246,False,False,accepted_reentry_prev_tracklet_246_via_strong_reentry_reuse|group_merge_pass|overlap_handoff_pass
148,1,1,22,4338,4341,right,right,0.8282608695652174,1.0120852496735282,146,1,1.0120852496735282,146,False,False,rejected_cross_person_ambiguous_new_id|group_merge_pass|overlap_handoff_pass
248,15,15,127,4338,4341,center,center,1.0,0.9747534564441496,246,15,0.9747534564441496,246,False,False,accepted_reentry_prev_tracklet_246_via_strong_reentry_reuse|group_merge_pass|overlap_handoff_pass
249,15,15,127,4346,4348,center,center,1.0,1.0026169713757878,248,15,1.0026169713757878,248,False,False,accepted_reentry_prev_tracklet_248_via_same_candidate_safe_accept|group_merge_pass|overlap_handoff_pass
149,1,1,22,4348,4349,right,right,0.8267080745341615,1.0095334110127454,148,1,1.0095334110127454,148,False,False,rejected_cross_person_ambiguous_new_id|group_merge_pass|overlap_handoff_pass
150,1,1,22,4370,4370,right,right,0.8282608695652174,1.0086818599534941,135,1,1.0086818599534941,135,False,False,rejected_cross_person_ambiguous_new_id|group_merge_pass|overlap_handoff_pass
151,1,1,22,4373,4373,right,right,0.8298136645962733,1.006887509241831,148,1,1.006887509241831,148,False,False,rejected_cross_person_ambiguous_new_id|group_merge_pass|overlap_handoff_pass
250,15,15,127,4373,4373,center,center,0.977258811997569,0.7568678656732922,231,10,0.5977422535541194,248,False,False,rejected_ambiguous_margin_new_id|group_merge_pass|overlap_handoff_pass
152,1,1,22,4379,4436,right,right,0.8384316770186336,1.0191851856206804,143,1,1.0191851856206804,143,False,False,rejected_cross_person_ambiguous_new_id|group_merge_pass|overlap_handoff_pass
251,15,15,127,4388,4388,center,center,1.0,1.0063165960264997,248,15,1.0063165960264997,248,False,False,accepted_reentry_prev_tracklet_248_via_same_candidate_safe_accept|group_merge_pass|overlap_handoff_pass
252,15,15,127,4392,4392,center,center,1.0,1.055168461491812,251,15,1.055168461491812,251,False,False,accepted_reentry_prev_tracklet_251_via_strong_reentry_reuse|group_merge_pass|overlap_handoff_pass
253,15,15,127,4405,4425,center,center,0.9267380865389633,0.885315045015145,231,10,0.8291232444651324,250,False,False,accepted_reentry_prev_tracklet_231_via_same_candidate_safe_accept|group_merge_pass|overlap_handoff_pass
254,15,15,127,4431,4439,center,center,1.0,1.0097892474016064,247,15,1.0097892474016064,247,False,False,accepted_reentry_prev_tracklet_247_via_same_candidate_safe_accept|group_merge_pass|overlap_handoff_pass
153,1,1,22,4439,4490,right,right,0.8339742418706614,1.0102640420733051,147,1,1.0102640420733051,147,False,False,rejected_cross_person_ambiguous_new_id|group_merge_pass|overlap_handoff_pass
255,15,15,127,4442,4450,center,center,1.0,0.9988262295300058,247,15,0.9988262295300058,247,False,False,accepted_reentry_prev_tracklet_247_via_same_candidate_safe_accept|group_merge_pass|overlap_handoff_pass
256,15,15,127,4462,4590,center,center,1.0,0.9933930799022943,252,15,0.9933930799022943,252,False,False,accepted_reentry_prev_tracklet_252_via_same_candidate_safe_accept|group_merge_pass|overlap_handoff_pass
154,1,1,22,4493,4497,right,right,0.8251552795031056,1.0142778201912204,152,1,1.0142778201912204,152,False,False,rejected_cross_person_ambiguous_new_id|group_merge_pass|overlap_handoff_pass
155,1,1,22,4504,4584,right,right,0.8342459810010961,1.0161791495431638,151,1,1.0161791495431638,151,False,False,rejected_cross_person_ambiguous_new_id|group_merge_pass|overlap_handoff_pass
156,1,1,22,4588,4591,right,right,0.8213318422075833,1.011981635562645,155,1,1.011981635562645,155,False,False,rejected_cross_person_ambiguous_new_id|group_merge_pass|overlap_handoff_pass
157,1,1,22,4602,4606,right,right,0.8366413956887103,1.008305004639596,156,1,1.008305004639596,156,False,False,rejected_cross_person_ambiguous_new_id|group_merge_pass|overlap_handoff_pass
257,15,15,170,4615,4615,center,center,0.8974767980714785,0.8217822937096316,237,15,0.8217822937096316,237,False,False,rejected_cross_person_ambiguous_new_id|group_merge_pass|overlap_handoff_pass
158,1,1,22,4622,4682,right,right,0.83171321848109,1.015955846406906,157,1,1.015955846406906,157,False,False,rejected_cross_person_ambiguous_new_id|group_merge_pass|overlap_handoff_pass
159,1,1,22,4685,4720,right,right,0.8258563967721309,1.0137794551761723,151,1,1.0137794551761723,151,False,False,rejected_cross_person_ambiguous_new_id|group_merge_pass|overlap_handoff_pass
258,15,15,127,4704,4709,center,center,0.9631713554987212,0.9413839028147527,246,15,0.9413839028147527,246,False,False,accepted_reentry_prev_tracklet_246_via_strong_reentry_reuse|group_merge_pass|overlap_handoff_pass
259,15,15,127,4716,4721,center,center,0.9411125319693094,0.9562004328111607,258,15,0.9562004328111607,258,False,False,accepted_reentry_prev_tracklet_258_via_strong_reentry_reuse|group_merge_pass|overlap_handoff_pass
260,15,15,127,4725,4728,center,center,0.9203153420513729,0.8790024624394605,256,15,0.8790024624394605,256,False,False,accepted_reentry_prev_tracklet_256_via_same_candidate_safe_accept|group_merge_pass|overlap_handoff_pass
160,1,1,22,4727,4749,right,right,0.8276987843746296,1.0148404329865583,159,1,1.0148404329865583,159,False,False,rejected_cross_person_ambiguous_new_id|group_merge_pass|overlap_handoff_pass
261,15,15,127,4732,4751,center,center,0.9725774012008263,0.779591452918936,255,15,0.779591452918936,255,False,False,rejected_ambiguous_margin_new_id|group_merge_pass|overlap_handoff_pass
161,1,1,22,4754,4769,right,center,0.8833342521846115,1.005505365170177,152,1,1.005505365170177,152,False,False,rejected_cross_person_ambiguous_new_id|group_merge_pass|overlap_handoff_pass
162,1,1,22,4772,4801,right,right,0.8403662747301202,1.0137519236672623,158,1,1.0137519236672623,158,False,False,rejected_cross_person_ambiguous_new_id|group_merge_pass|overlap_handoff_pass
163,1,1,22,4805,4806,right,right,0.8551150895140665,1.0200875267873786,162,1,1.0200875267873786,162,False,False,rejected_cross_person_ambiguous_new_id|group_merge_pass|overlap_handoff_pass
164,1,1,22,4809,4915,right,right,0.8483472862599731,1.0275410772497835,162,1,1.0275410772497835,162,False,False,rejected_cross_person_ambiguous_new_id|group_merge_pass|overlap_handoff_pass
165,1,1,22,4920,4931,right,right,0.8534367007672635,1.0176221256028606,164,1,1.0176221256028606,164,False,False,rejected_cross_person_ambiguous_new_id|group_merge_pass|overlap_handoff_pass
262,15,15,127,4927,4957,center,center,1.0,0.900264343327898,261,15,0.900264343327898,261,False,False,accepted_reentry_prev_tracklet_261_via_strong_reentry_reuse|group_merge_pass|overlap_handoff_pass
166,1,1,22,4946,5013,right,right,0.843291086369136,1.019939471867064,164,1,1.019939471867064,164,False,False,rejected_cross_person_ambiguous_new_id|group_merge_pass|overlap_handoff_pass
263,15,15,127,4960,4960,center,center,1.0,0.835624816310617,261,15,0.835624816310617,261,False,False,rejected_cross_person_ambiguous_new_id|group_merge_pass|overlap_handoff_pass
264,15,15,127,4964,5026,center,center,1.0,1.0380227269409206,262,15,1.0380227269409206,262,False,False,rejected_cross_person_ambiguous_new_id|group_merge_pass|overlap_handoff_pass
167,1,1,22,5017,5097,right,right,0.8345168050213232,1.01240088376972,166,1,1.01240088376972,166,False,False,rejected_cross_person_ambiguous_new_id|group_merge_pass|overlap_handoff_pass
265,15,15,127,5030,5100,center,center,0.9995815975585849,1.0313975969074578,262,15,1.0313975969074578,262,False,False,rejected_cross_person_ambiguous_new_id|group_merge_pass|overlap_handoff_pass
272,21,21,170,5042,5099,center,center,0.9942673940771669,0.8312070606731603,244,15,-1.0,0,False,False,accepted_reentry_prev_tracklet_244_via_strong_reentry_reuse|group_merge_pass|overlap_handoff_pass
168,1,1,22,5101,5103,right,right,0.8282608695652174,1.010544312115129,167,1,1.010544312115129,167,False,False,rejected_cross_person_ambiguous_new_id|group_merge_pass|overlap_handoff_pass
273,21,21,170,5107,5146,center,center,1.0,1.0395302717385297,272,21,1.0395302717385297,272,False,False,accepted_reentry_prev_tracklet_272_via_strong_reentry_reuse|group_merge_pass|overlap_handoff_pass
266,15,15,127,5111,5127,center,center,0.9503888836344098,0.9258269790765272,264,15,0.9258269790765272,264,False,False,rejected_cross_person_ambiguous_new_id|group_merge_pass|overlap_handoff_pass
169,1,1,22,5126,5126,right,right,0.8328566490377213,1.009362824437793,168,1,1.009362824437793,168,False,False,rejected_cross_person_ambiguous_new_id|group_merge_pass|overlap_handoff_pass
170,1,1,22,5129,5129,right,right,0.8361454323306237,1.0051487918530102,166,1,1.0051487918530102,166,False,False,rejected_cross_person_ambiguous_new_id|group_merge_pass|overlap_handoff_pass
267,15,15,227,5132,5132,bottom,bottom,0.9562932664459942,0.7748166041290372,265,15,0.7748166041290372,265,False,False,rejected_cross_person_ambiguous_new_id|group_merge_pass|overlap_handoff_pass
268,15,15,228,5139,5139,bottom,bottom,0.62,0.6134867043585046,261,15,0.6134867043585046,261,False,False,rejected_cross_person_ambiguous_new_id|group_merge_pass|overlap_handoff_pass
171,1,1,22,5146,5146,right,right,0.8286728016848702,1.0081254279100857,170,1,1.0081254279100857,170,False,False,rejected_cross_person_ambiguous_new_id|group_merge_pass|overlap_handoff_pass
172,1,1,22,5150,5170,right,right,0.838098051608461,1.0186153960827684,170,1,1.0186153960827684,170,False,False,rejected_cross_person_ambiguous_new_id|group_merge_pass|overlap_handoff_pass
274,21,21,170,5170,5192,center,center,0.9957856986275007,1.0253532491954127,272,21,1.0253532491954127,272,False,False,accepted_reentry_prev_tracklet_272_via_same_candidate_safe_accept|group_merge_pass|overlap_handoff_pass
173,1,1,22,5173,5186,right,right,0.8424450875228281,1.0154113285653874,170,1,1.0154113285653874,170,False,False,rejected_cross_person_ambiguous_new_id|group_merge_pass|overlap_handoff_pass
174,1,1,22,5189,5191,top,right,0.9087243372272358,0.970721440604695,165,1,0.970721440604695,165,False,False,rejected_cross_person_ambiguous_new_id|group_merge_pass|overlap_handoff_pass
275,21,21,170,5200,5200,center,center,1.0,1.0512725224217312,274,21,1.0512725224217312,274,False,False,accepted_reentry_prev_tracklet_274_via_strong_reentry_reuse|group_merge_pass|overlap_handoff_pass
276,21,21,170,5213,5219,center,center,1.0,1.0451952679095355,275,21,1.0451952679095355,275,False,False,accepted_reentry_prev_tracklet_275_via_same_candidate_safe_accept|group_merge_pass|overlap_handoff_pass
175,1,1,22,5218,5218,right,right,0.8392404375090645,1.014209166863554,169,1,1.014209166863554,169,False,False,rejected_cross_person_ambiguous_new_id|group_merge_pass|overlap_handoff_pass
277,21,21,170,5234,5236,center,center,1.0,1.0485910878681286,276,21,1.0485910878681286,276,False,False,accepted_reentry_prev_tracklet_276_via_same_candidate_safe_accept|group_merge_pass|overlap_handoff_pass
278,21,21,170,5244,5245,center,center,1.0,1.0528857523575565,276,21,1.0528857523575565,276,False,False,accepted_reentry_prev_tracklet_276_via_same_candidate_safe_accept|group_merge_pass|overlap_handoff_pass
176,1,1,22,5250,5304,right,right,0.8299872122762147,1.0103662265092213,168,1,1.0103662265092213,168,False,False,rejected_cross_person_ambiguous_new_id|group_merge_pass|overlap_handoff_pass
279,21,21,235,5259,5259,center,center,0.8446151483854178,0.884670324082745,161,1,0.5821138614380048,273,False,False,rejected_cross_person_ambiguous_new_id|group_merge_pass|overlap_handoff_pass
