frame_idx,ts_sec,pre_global_id,cur_global_id,x1,y1,x2,y2,cx,cy,detection_in_current,rule_label,mechanism,detail
84,6.907188,3,0,1661.3831787109375,1069.6123046875,2018.1734619140625,1407.5438232421875,1839.8,1238.6,yes,surgical-fix: ID3 wrong-merge early frames,ByteTrack ID switch / wrong-merge at scene entry,Tracker merged ID3 with a different person in early overlap frames 84-122. Zeroed to restore per-person purity.
85,6.989416,3,0,1662.46875,1069.1072998046875,2018.376953125,1407.6041259765625,1840.4,1238.4,yes,surgical-fix: ID3 wrong-merge early frames,ByteTrack ID switch / wrong-merge at scene entry,Tracker merged ID3 with a different person in early overlap frames 84-122. Zeroed to restore per-person purity.
86,7.071645,3,0,1662.6224365234375,1069.25,2017.6400146484375,1406.8746337890625,1840.1,1238.1,yes,surgical-fix: ID3 wrong-merge early frames,ByteTrack ID switch / wrong-merge at scene entry,Tracker merged ID3 with a different person in early overlap frames 84-122. Zeroed to restore per-person purity.
87,7.153873,3,0,1662.8629150390625,1068.4093017578125,2018.216796875,1407.5155029296875,1840.5,1238.0,yes,surgical-fix: ID3 wrong-merge early frames,ByteTrack ID switch / wrong-merge at scene entry,Tracker merged ID3 with a different person in early overlap frames 84-122. Zeroed to restore per-person purity.
88,7.236102,3,0,1661.8333740234375,1068.1226806640625,2017.92578125,1408.8193359375,1839.9,1238.5,yes,surgical-fix: ID3 wrong-merge early frames,ByteTrack ID switch / wrong-merge at scene entry,Tracker merged ID3 with a different person in early overlap frames 84-122. Zeroed to restore per-person purity.
89,7.31833,3,0,1661.5601806640625,1068.1871337890625,2018.8695068359375,1408.1976318359375,1840.2,1238.2,yes,surgical-fix: ID3 wrong-merge early frames,ByteTrack ID switch / wrong-merge at scene entry,Tracker merged ID3 with a different person in early overlap frames 84-122. Zeroed to restore per-person purity.
90,7.400559,3,0,1661.3726806640625,1066.32763671875,2018.3707275390625,1407.90966796875,1839.9,1237.1,yes,surgical-fix: ID3 wrong-merge early frames,ByteTrack ID switch / wrong-merge at scene entry,Tracker merged ID3 with a different person in early overlap frames 84-122. Zeroed to restore per-person purity.
91,7.482787,3,0,1661.7623291015625,1065.8729248046875,2019.6041259765625,1407.2196044921875,1840.7,1236.5,yes,surgical-fix: ID3 wrong-merge early frames,ByteTrack ID switch / wrong-merge at scene entry,Tracker merged ID3 with a different person in early overlap frames 84-122. Zeroed to restore per-person purity.
92,7.565015,3,0,1661.3040771484375,1063.904296875,2019.7340087890625,1408.3106689453125,1840.5,1236.1,yes,surgical-fix: ID3 wrong-merge early frames,ByteTrack ID switch / wrong-merge at scene entry,Tracker merged ID3 with a different person in early overlap frames 84-122. Zeroed to restore per-person purity.
93,7.647244,3,0,1661.3131103515625,1065.02490234375,2019.1763916015625,1407.45703125,1840.2,1236.2,yes,surgical-fix: ID3 wrong-merge early frames,ByteTrack ID switch / wrong-merge at scene entry,Tracker merged ID3 with a different person in early overlap frames 84-122. Zeroed to restore per-person purity.
94,7.729472,3,0,1661.0836181640625,1062.9676513671875,2019.05078125,1407.3831787109375,1840.1,1235.2,yes,surgical-fix: ID3 wrong-merge early frames,ByteTrack ID switch / wrong-merge at scene entry,Tracker merged ID3 with a different person in early overlap frames 84-122. Zeroed to restore per-person purity.
95,7.811701,3,0,1661.0560302734375,1065.66064453125,2019.4290771484375,1407.41064453125,1840.2,1236.5,yes,surgical-fix: ID3 wrong-merge early frames,ByteTrack ID switch / wrong-merge at scene entry,Tracker merged ID3 with a different person in early overlap frames 84-122. Zeroed to restore per-person purity.
96,7.893929,3,0,1661.6689453125,1059.6749267578125,2021.2757568359375,1409.3604736328125,1841.5,1234.5,yes,surgical-fix: ID3 wrong-merge early frames,ByteTrack ID switch / wrong-merge at scene entry,Tracker merged ID3 with a different person in early overlap frames 84-122. Zeroed to restore per-person purity.
97,7.976158,3,0,1661.9947509765625,1061.3831787109375,2020.8525390625,1409.1800537109375,1841.4,1235.3,yes,surgical-fix: ID3 wrong-merge early frames,ByteTrack ID switch / wrong-merge at scene entry,Tracker merged ID3 with a different person in early overlap frames 84-122. Zeroed to restore per-person purity.
98,8.058386,3,0,1662.484375,1060.8873291015625,2020.6510009765625,1408.9068603515625,1841.6,1234.9,yes,surgical-fix: ID3 wrong-merge early frames,ByteTrack ID switch / wrong-merge at scene entry,Tracker merged ID3 with a different person in early overlap frames 84-122. Zeroed to restore per-person purity.
99,8.140614,3,0,1662.0556640625,1063.17822265625,2020.8824462890625,1409.1143798828125,1841.5,1236.1,yes,surgical-fix: ID3 wrong-merge early frames,ByteTrack ID switch / wrong-merge at scene entry,Tracker merged ID3 with a different person in early overlap frames 84-122. Zeroed to restore per-person purity.
100,8.222843,3,0,1663.3763427734375,1065.2720947265625,2021.0947265625,1408.548828125,1842.2,1236.9,yes,surgical-fix: ID3 wrong-merge early frames,ByteTrack ID switch / wrong-merge at scene entry,Tracker merged ID3 with a different person in early overlap frames 84-122. Zeroed to restore per-person purity.
101,8.305071,3,0,1663.4111328125,1065.7691650390625,2020.9820556640625,1408.3623046875,1842.2,1237.1,yes,surgical-fix: ID3 wrong-merge early frames,ByteTrack ID switch / wrong-merge at scene entry,Tracker merged ID3 with a different person in early overlap frames 84-122. Zeroed to restore per-person purity.
102,8.3873,3,0,1662.5953369140625,1064.6302490234375,2020.6116943359375,1408.6097412109375,1841.6,1236.6,yes,surgical-fix: ID3 wrong-merge early frames,ByteTrack ID switch / wrong-merge at scene entry,Tracker merged ID3 with a different person in early overlap frames 84-122. Zeroed to restore per-person purity.
103,8.469528,3,0,1662.9564208984375,1062.4029541015625,2020.7103271484375,1408.8912353515625,1841.8,1235.6,yes,surgical-fix: ID3 wrong-merge early frames,ByteTrack ID switch / wrong-merge at scene entry,Tracker merged ID3 with a different person in early overlap frames 84-122. Zeroed to restore per-person purity.
104,8.551757,3,0,1663.3341064453125,1066.2930908203125,2020.67919921875,1408.5750732421875,1842.0,1237.4,yes,surgical-fix: ID3 wrong-merge early frames,ByteTrack ID switch / wrong-merge at scene entry,Tracker merged ID3 with a different person in early overlap frames 84-122. Zeroed to restore per-person purity.
105,8.633985,3,0,1663.0682373046875,1066.4703369140625,2020.73974609375,1408.5433349609375,1841.9,1237.5,yes,surgical-fix: ID3 wrong-merge early frames,ByteTrack ID switch / wrong-merge at scene entry,Tracker merged ID3 with a different person in early overlap frames 84-122. Zeroed to restore per-person purity.
106,8.716213,3,0,1662.3507080078125,1068.31005859375,2020.9385986328125,1407.9168701171875,1841.6,1238.1,yes,surgical-fix: ID3 wrong-merge early frames,ByteTrack ID switch / wrong-merge at scene entry,Tracker merged ID3 with a different person in early overlap frames 84-122. Zeroed to restore per-person purity.
107,8.798442,3,0,1662.6790771484375,1068.3067626953125,2020.9166259765625,1408.0965576171875,1841.8,1238.2,yes,surgical-fix: ID3 wrong-merge early frames,ByteTrack ID switch / wrong-merge at scene entry,Tracker merged ID3 with a different person in early overlap frames 84-122. Zeroed to restore per-person purity.
108,8.88067,3,0,1662.9827880859375,1066.9119873046875,2020.4488525390625,1407.6005859375,1841.7,1237.3,yes,surgical-fix: ID3 wrong-merge early frames,ByteTrack ID switch / wrong-merge at scene entry,Tracker merged ID3 with a different person in early overlap frames 84-122. Zeroed to restore per-person purity.
109,8.962899,3,0,1663.0091552734375,1066.7589111328125,2020.587890625,1407.46435546875,1841.8,1237.1,yes,surgical-fix: ID3 wrong-merge early frames,ByteTrack ID switch / wrong-merge at scene entry,Tracker merged ID3 with a different person in early overlap frames 84-122. Zeroed to restore per-person purity.
110,9.045127,3,0,1662.8946533203125,1067.0220947265625,2020.57861328125,1407.3974609375,1841.7,1237.2,yes,surgical-fix: ID3 wrong-merge early frames,ByteTrack ID switch / wrong-merge at scene entry,Tracker merged ID3 with a different person in early overlap frames 84-122. Zeroed to restore per-person purity.
111,9.127356,3,0,1662.7799072265625,1066.7333984375,2020.6138916015625,1407.4609375,1841.7,1237.1,yes,surgical-fix: ID3 wrong-merge early frames,ByteTrack ID switch / wrong-merge at scene entry,Tracker merged ID3 with a different person in early overlap frames 84-122. Zeroed to restore per-person purity.
112,9.209584,3,0,1662.7069091796875,1066.5849609375,2020.57275390625,1407.6796875,1841.6,1237.1,yes,surgical-fix: ID3 wrong-merge early frames,ByteTrack ID switch / wrong-merge at scene entry,Tracker merged ID3 with a different person in early overlap frames 84-122. Zeroed to restore per-person purity.
113,9.291812,3,0,1662.6759033203125,1066.5274658203125,2020.63623046875,1407.6427001953125,1841.7,1237.1,yes,surgical-fix: ID3 wrong-merge early frames,ByteTrack ID switch / wrong-merge at scene entry,Tracker merged ID3 with a different person in early overlap frames 84-122. Zeroed to restore per-person purity.
114,9.374041,3,0,1662.7406005859375,1066.7469482421875,2020.7021484375,1407.587890625,1841.7,1237.2,yes,surgical-fix: ID3 wrong-merge early frames,ByteTrack ID switch / wrong-merge at scene entry,Tracker merged ID3 with a different person in early overlap frames 84-122. Zeroed to restore per-person purity.
115,9.456269,3,0,1662.4833984375,1067.0511474609375,2020.6904296875,1407.4283447265625,1841.6,1237.2,yes,surgical-fix: ID3 wrong-merge early frames,ByteTrack ID switch / wrong-merge at scene entry,Tracker merged ID3 with a different person in early overlap frames 84-122. Zeroed to restore per-person purity.
116,9.538498,3,0,1662.5364990234375,1066.890625,2020.6763916015625,1407.6365966796875,1841.6,1237.3,yes,surgical-fix: ID3 wrong-merge early frames,ByteTrack ID switch / wrong-merge at scene entry,Tracker merged ID3 with a different person in early overlap frames 84-122. Zeroed to restore per-person purity.
117,9.620726,3,0,1662.9642333984375,1067.3765869140625,2020.873046875,1407.48291015625,1841.9,1237.4,yes,surgical-fix: ID3 wrong-merge early frames,ByteTrack ID switch / wrong-merge at scene entry,Tracker merged ID3 with a different person in early overlap frames 84-122. Zeroed to restore per-person purity.
118,9.702955,3,0,1662.5697021484375,1068.5322265625,2020.6943359375,1407.3648681640625,1841.6,1237.9,yes,surgical-fix: ID3 wrong-merge early frames,ByteTrack ID switch / wrong-merge at scene entry,Tracker merged ID3 with a different person in early overlap frames 84-122. Zeroed to restore per-person purity.
119,9.785183,3,0,1662.7342529296875,1068.63671875,2020.8143310546875,1407.177734375,1841.8,1237.9,yes,surgical-fix: ID3 wrong-merge early frames,ByteTrack ID switch / wrong-merge at scene entry,Tracker merged ID3 with a different person in early overlap frames 84-122. Zeroed to restore per-person purity.
120,9.867412,3,0,1662.31982421875,1072.9637451171875,2020.1759033203125,1405.7359619140625,1841.2,1239.3,yes,surgical-fix: ID3 wrong-merge early frames,ByteTrack ID switch / wrong-merge at scene entry,Tracker merged ID3 with a different person in early overlap frames 84-122. Zeroed to restore per-person purity.
121,9.94964,3,0,1662.4117431640625,1073.2177734375,2022.1138916015625,1404.5560302734375,1842.3,1238.9,yes,surgical-fix: ID3 wrong-merge early frames,ByteTrack ID switch / wrong-merge at scene entry,Tracker merged ID3 with a different person in early overlap frames 84-122. Zeroed to restore per-person purity.
122,10.031868,3,0,1661.6907958984375,1074.80810546875,2022.1875,1404.3013916015625,1841.9,1239.6,yes,surgical-fix: ID3 wrong-merge early frames,ByteTrack ID switch / wrong-merge at scene entry,Tracker merged ID3 with a different person in early overlap frames 84-122. Zeroed to restore per-person purity.
746,61.342408,7,0,1207.7403564453125,306.9848937988281,1425.3414306640625,727.1256713867188,1316.5,517.1,yes,surgical-fix: ID7 hijab-woman wrong-merge,re-entry linker wrong-merge across spatially distinct persons,ID7 was incorrectly merged with a hijab-wearing woman at cx~1317 (center-left position). Legitimate ID7 segments are at cx~1975-2078 and cx~1803-1932 (right-side area). Frames 746-760 zeroed.
747,61.424637,7,0,1207.6688232421875,308.1021423339844,1432.3046875,723.99755859375,1320.0,516.0,yes,surgical-fix: ID7 hijab-woman wrong-merge,re-entry linker wrong-merge across spatially distinct persons,ID7 was incorrectly merged with a hijab-wearing woman at cx~1317 (center-left position). Legitimate ID7 segments are at cx~1975-2078 and cx~1803-1932 (right-side area). Frames 746-760 zeroed.
748,61.506865,7,0,1210.7349853515625,308.3209533691406,1435.94677734375,724.3920288085938,1323.3,516.4,yes,surgical-fix: ID7 hijab-woman wrong-merge,re-entry linker wrong-merge across spatially distinct persons,ID7 was incorrectly merged with a hijab-wearing woman at cx~1317 (center-left position). Legitimate ID7 segments are at cx~1975-2078 and cx~1803-1932 (right-side area). Frames 746-760 zeroed.
749,61.589093,7,0,1210.4219970703125,308.3179626464844,1436.9990234375,723.1267700195312,1323.7,515.7,yes,surgical-fix: ID7 hijab-woman wrong-merge,re-entry linker wrong-merge across spatially distinct persons,ID7 was incorrectly merged with a hijab-wearing woman at cx~1317 (center-left position). Legitimate ID7 segments are at cx~1975-2078 and cx~1803-1932 (right-side area). Frames 746-760 zeroed.
750,61.671322,7,0,1210.8133544921875,308.3893127441406,1437.6182861328125,720.3595581054688,1324.2,514.4,yes,surgical-fix: ID7 hijab-woman wrong-merge,re-entry linker wrong-merge across spatially distinct persons,ID7 was incorrectly merged with a hijab-wearing woman at cx~1317 (center-left position). Legitimate ID7 segments are at cx~1975-2078 and cx~1803-1932 (right-side area). Frames 746-760 zeroed.
751,61.75355,7,0,1211.0946044921875,308.6699523925781,1437.66845703125,719.8611450195312,1324.4,514.3,yes,surgical-fix: ID7 hijab-woman wrong-merge,re-entry linker wrong-merge across spatially distinct persons,ID7 was incorrectly merged with a hijab-wearing woman at cx~1317 (center-left position). Legitimate ID7 segments are at cx~1975-2078 and cx~1803-1932 (right-side area). Frames 746-760 zeroed.
752,61.835779,7,0,1215.0001220703125,309.05517578125,1435.05419921875,719.8336791992188,1325.0,514.4,yes,surgical-fix: ID7 hijab-woman wrong-merge,re-entry linker wrong-merge across spatially distinct persons,ID7 was incorrectly merged with a hijab-wearing woman at cx~1317 (center-left position). Legitimate ID7 segments are at cx~1975-2078 and cx~1803-1932 (right-side area). Frames 746-760 zeroed.
753,61.918007,7,0,1214.6885986328125,308.7251892089844,1430.80615234375,719.4432983398438,1322.7,514.1,yes,surgical-fix: ID7 hijab-woman wrong-merge,re-entry linker wrong-merge across spatially distinct persons,ID7 was incorrectly merged with a hijab-wearing woman at cx~1317 (center-left position). Legitimate ID7 segments are at cx~1975-2078 and cx~1803-1932 (right-side area). Frames 746-760 zeroed.
754,62.000236,7,0,1214.57421875,308.552001953125,1428.8642578125,719.5216674804688,1321.7,514.0,yes,surgical-fix: ID7 hijab-woman wrong-merge,re-entry linker wrong-merge across spatially distinct persons,ID7 was incorrectly merged with a hijab-wearing woman at cx~1317 (center-left position). Legitimate ID7 segments are at cx~1975-2078 and cx~1803-1932 (right-side area). Frames 746-760 zeroed.
755,62.082464,7,0,1213.6112060546875,308.317626953125,1427.0157470703125,716.9122924804688,1320.3,512.6,yes,surgical-fix: ID7 hijab-woman wrong-merge,re-entry linker wrong-merge across spatially distinct persons,ID7 was incorrectly merged with a hijab-wearing woman at cx~1317 (center-left position). Legitimate ID7 segments are at cx~1975-2078 and cx~1803-1932 (right-side area). Frames 746-760 zeroed.
756,62.164692,7,0,1212.6470947265625,307.882568359375,1427.92431640625,717.9165649414062,1320.3,512.9,yes,surgical-fix: ID7 hijab-woman wrong-merge,re-entry linker wrong-merge across spatially distinct persons,ID7 was incorrectly merged with a hijab-wearing woman at cx~1317 (center-left position). Legitimate ID7 segments are at cx~1975-2078 and cx~1803-1932 (right-side area). Frames 746-760 zeroed.
757,62.246921,7,0,1211.6163330078125,307.671630859375,1429.4163818359375,718.1303100585938,1320.5,512.9,yes,surgical-fix: ID7 hijab-woman wrong-merge,re-entry linker wrong-merge across spatially distinct persons,ID7 was incorrectly merged with a hijab-wearing woman at cx~1317 (center-left position). Legitimate ID7 segments are at cx~1975-2078 and cx~1803-1932 (right-side area). Frames 746-760 zeroed.
758,62.329149,7,0,1207.83740234375,307.3008728027344,1434.5130615234375,718.254638671875,1321.2,512.8,yes,surgical-fix: ID7 hijab-woman wrong-merge,re-entry linker wrong-merge across spatially distinct persons,ID7 was incorrectly merged with a hijab-wearing woman at cx~1317 (center-left position). Legitimate ID7 segments are at cx~1975-2078 and cx~1803-1932 (right-side area). Frames 746-760 zeroed.
759,62.411378,7,0,1206.8299560546875,306.49267578125,1454.0255126953125,719.17431640625,1330.4,512.8,yes,surgical-fix: ID7 hijab-woman wrong-merge,re-entry linker wrong-merge across spatially distinct persons,ID7 was incorrectly merged with a hijab-wearing woman at cx~1317 (center-left position). Legitimate ID7 segments are at cx~1975-2078 and cx~1803-1932 (right-side area). Frames 746-760 zeroed.
760,62.493606,7,0,1205.60009765625,305.5367736816406,1447.3621826171875,722.4375,1326.5,514.0,yes,surgical-fix: ID7 hijab-woman wrong-merge,re-entry linker wrong-merge across spatially distinct persons,ID7 was incorrectly merged with a hijab-wearing woman at cx~1317 (center-left position). Legitimate ID7 segments are at cx~1975-2078 and cx~1803-1932 (right-side area). Frames 746-760 zeroed.
1237,101.716567,2,0,1855.0244140625,600.1626586914062,2184.373046875,1011.9891967773438,2019.7,806.1,yes,surgical-fix: ID2 wrong-reentry-link,re-entry linker / track-stitching wrong match post-departure,Re-entry linker merged ID2 with a new unrelated person after the original ID2 person departed. Frames 1237-1460 zeroed.
1238,101.798795,2,0,1863.0947265625,573.741943359375,2199.011962890625,1023.140380859375,2031.1,798.4,yes,surgical-fix: ID2 wrong-reentry-link,re-entry linker / track-stitching wrong match post-departure,Re-entry linker merged ID2 with a new unrelated person after the original ID2 person departed. Frames 1237-1460 zeroed.
1239,101.881024,2,0,1864.4486083984375,575.566650390625,2200.263916015625,1156.6646728515625,2032.4,866.1,yes,surgical-fix: ID2 wrong-reentry-link,re-entry linker / track-stitching wrong match post-departure,Re-entry linker merged ID2 with a new unrelated person after the original ID2 person departed. Frames 1237-1460 zeroed.
1240,101.963252,2,0,1867.7320556640625,585.7909545898438,2200.601806640625,1117.4290771484375,2034.2,851.6,yes,surgical-fix: ID2 wrong-reentry-link,re-entry linker / track-stitching wrong match post-departure,Re-entry linker merged ID2 with a new unrelated person after the original ID2 person departed. Frames 1237-1460 zeroed.
1241,102.045481,2,0,1877.4927978515625,614.2770385742188,2200.622802734375,1188.4818115234375,2039.1,901.4,yes,surgical-fix: ID2 wrong-reentry-link,re-entry linker / track-stitching wrong match post-departure,Re-entry linker merged ID2 with a new unrelated person after the original ID2 person departed. Frames 1237-1460 zeroed.
1242,102.127709,2,0,1894.4296875,614.4785766601562,2197.417236328125,1189.5386962890625,2045.9,902.0,yes,surgical-fix: ID2 wrong-reentry-link,re-entry linker / track-stitching wrong match post-departure,Re-entry linker merged ID2 with a new unrelated person after the original ID2 person departed. Frames 1237-1460 zeroed.
1243,102.209937,2,0,1899.0650634765625,622.5438232421875,2200.794921875,1203.62646484375,2049.9,913.1,yes,surgical-fix: ID2 wrong-reentry-link,re-entry linker / track-stitching wrong match post-departure,Re-entry linker merged ID2 with a new unrelated person after the original ID2 person departed. Frames 1237-1460 zeroed.
1244,102.292166,2,0,1907.8436279296875,631.8379516601562,2213.977783203125,1205.5797119140625,2060.9,918.7,yes,surgical-fix: ID2 wrong-reentry-link,re-entry linker / track-stitching wrong match post-departure,Re-entry linker merged ID2 with a new unrelated person after the original ID2 person departed. Frames 1237-1460 zeroed.
1245,102.374394,2,0,1927.3131103515625,639.5154418945312,2232.858154296875,1208.31494140625,2080.1,923.9,yes,surgical-fix: ID2 wrong-reentry-link,re-entry linker / track-stitching wrong match post-departure,Re-entry linker merged ID2 with a new unrelated person after the original ID2 person departed. Frames 1237-1460 zeroed.
1246,102.456623,2,0,1928.9566650390625,636.5542602539062,2234.619384765625,1213.8409423828125,2081.8,925.2,yes,surgical-fix: ID2 wrong-reentry-link,re-entry linker / track-stitching wrong match post-departure,Re-entry linker merged ID2 with a new unrelated person after the original ID2 person departed. Frames 1237-1460 zeroed.
1247,102.538851,2,0,1941.5738525390625,659.128173828125,2255.613525390625,1219.6031494140625,2098.6,939.4,yes,surgical-fix: ID2 wrong-reentry-link,re-entry linker / track-stitching wrong match post-departure,Re-entry linker merged ID2 with a new unrelated person after the original ID2 person departed. Frames 1237-1460 zeroed.
1248,102.62108,2,0,1942.1744384765625,663.9778442382812,2256.924560546875,1206.7122802734375,2099.5,935.3,yes,surgical-fix: ID2 wrong-reentry-link,re-entry linker / track-stitching wrong match post-departure,Re-entry linker merged ID2 with a new unrelated person after the original ID2 person departed. Frames 1237-1460 zeroed.
1249,102.703308,2,0,1941.400390625,638.3311767578125,2256.658935546875,1212.93798828125,2099.0,925.6,yes,surgical-fix: ID2 wrong-reentry-link,re-entry linker / track-stitching wrong match post-departure,Re-entry linker merged ID2 with a new unrelated person after the original ID2 person departed. Frames 1237-1460 zeroed.
1250,102.785537,2,0,1936.7318115234375,665.4653930664062,2255.5400390625,1208.6961669921875,2096.1,937.1,yes,surgical-fix: ID2 wrong-reentry-link,re-entry linker / track-stitching wrong match post-departure,Re-entry linker merged ID2 with a new unrelated person after the original ID2 person departed. Frames 1237-1460 zeroed.
1251,102.867765,2,0,1919.5546875,670.90869140625,2235.067138671875,1203.9105224609375,2077.3,937.4,yes,surgical-fix: ID2 wrong-reentry-link,re-entry linker / track-stitching wrong match post-departure,Re-entry linker merged ID2 with a new unrelated person after the original ID2 person departed. Frames 1237-1460 zeroed.
1252,102.949993,2,0,1908.0025634765625,638.5451049804688,2227.717529296875,1195.6455078125,2067.9,917.1,yes,surgical-fix: ID2 wrong-reentry-link,re-entry linker / track-stitching wrong match post-departure,Re-entry linker merged ID2 with a new unrelated person after the original ID2 person departed. Frames 1237-1460 zeroed.
1253,103.032222,2,0,1885.6500244140625,652.1028442382812,2218.328369140625,1200.0697021484375,2052.0,926.1,yes,surgical-fix: ID2 wrong-reentry-link,re-entry linker / track-stitching wrong match post-departure,Re-entry linker merged ID2 with a new unrelated person after the original ID2 person departed. Frames 1237-1460 zeroed.
1254,103.11445,2,0,1850.4462890625,653.7587280273438,2168.015869140625,1187.574951171875,2009.2,920.7,yes,surgical-fix: ID2 wrong-reentry-link,re-entry linker / track-stitching wrong match post-departure,Re-entry linker merged ID2 with a new unrelated person after the original ID2 person departed. Frames 1237-1460 zeroed.
1255,103.196679,2,0,1812.9527587890625,651.2864990234375,2155.1865234375,1181.8577880859375,1984.1,916.6,yes,surgical-fix: ID2 wrong-reentry-link,re-entry linker / track-stitching wrong match post-departure,Re-entry linker merged ID2 with a new unrelated person after the original ID2 person departed. Frames 1237-1460 zeroed.
1256,103.278907,2,0,1747.9747314453125,636.9183959960938,2124.24658203125,1179.68017578125,1936.1,908.3,yes,surgical-fix: ID2 wrong-reentry-link,re-entry linker / track-stitching wrong match post-departure,Re-entry linker merged ID2 with a new unrelated person after the original ID2 person departed. Frames 1237-1460 zeroed.
1257,103.361136,2,0,1763.5107421875,649.7573852539062,2106.295654296875,1167.4210205078125,1934.9,908.6,yes,surgical-fix: ID2 wrong-reentry-link,re-entry linker / track-stitching wrong match post-departure,Re-entry linker merged ID2 with a new unrelated person after the original ID2 person departed. Frames 1237-1460 zeroed.
1258,103.443364,2,0,1767.2230224609375,652.3670043945312,2095.278076171875,1136.3148193359375,1931.3,894.3,yes,surgical-fix: ID2 wrong-reentry-link,re-entry linker / track-stitching wrong match post-departure,Re-entry linker merged ID2 with a new unrelated person after the original ID2 person departed. Frames 1237-1460 zeroed.
1259,103.525592,2,0,1761.2044677734375,635.662841796875,2083.836669921875,1132.2882080078125,1922.5,884.0,yes,surgical-fix: ID2 wrong-reentry-link,re-entry linker / track-stitching wrong match post-departure,Re-entry linker merged ID2 with a new unrelated person after the original ID2 person departed. Frames 1237-1460 zeroed.
1260,103.607821,2,0,1753.7691650390625,624.3408813476562,2076.868408203125,1136.8304443359375,1915.3,880.6,yes,surgical-fix: ID2 wrong-reentry-link,re-entry linker / track-stitching wrong match post-departure,Re-entry linker merged ID2 with a new unrelated person after the original ID2 person departed. Frames 1237-1460 zeroed.
1261,103.690049,2,0,1752.03125,632.45458984375,2074.450439453125,1134.8565673828125,1913.2,883.7,yes,surgical-fix: ID2 wrong-reentry-link,re-entry linker / track-stitching wrong match post-departure,Re-entry linker merged ID2 with a new unrelated person after the original ID2 person departed. Frames 1237-1460 zeroed.
1262,103.772278,2,0,1749.2047119140625,631.861572265625,2074.556884765625,1136.0047607421875,1911.9,883.9,yes,surgical-fix: ID2 wrong-reentry-link,re-entry linker / track-stitching wrong match post-departure,Re-entry linker merged ID2 with a new unrelated person after the original ID2 person departed. Frames 1237-1460 zeroed.
1263,103.854506,2,0,1742.3961181640625,635.7295532226562,2072.0888671875,1135.4716796875,1907.2,885.6,yes,surgical-fix: ID2 wrong-reentry-link,re-entry linker / track-stitching wrong match post-departure,Re-entry linker merged ID2 with a new unrelated person after the original ID2 person departed. Frames 1237-1460 zeroed.
1264,103.936735,2,0,1743.1259765625,635.5614013671875,2072.349365234375,1144.1571044921875,1907.7,889.9,yes,surgical-fix: ID2 wrong-reentry-link,re-entry linker / track-stitching wrong match post-departure,Re-entry linker merged ID2 with a new unrelated person after the original ID2 person departed. Frames 1237-1460 zeroed.
1265,104.018963,2,0,1746.7530517578125,639.5537719726562,2075.34912109375,1144.2601318359375,1911.1,891.9,yes,surgical-fix: ID2 wrong-reentry-link,re-entry linker / track-stitching wrong match post-departure,Re-entry linker merged ID2 with a new unrelated person after the original ID2 person departed. Frames 1237-1460 zeroed.
1266,104.101191,2,0,1753.3892822265625,642.6463623046875,2080.552734375,1151.7852783203125,1917.0,897.2,yes,surgical-fix: ID2 wrong-reentry-link,re-entry linker / track-stitching wrong match post-departure,Re-entry linker merged ID2 with a new unrelated person after the original ID2 person departed. Frames 1237-1460 zeroed.
1267,104.18342,2,0,1757.283203125,642.9468994140625,2083.262451171875,1155.2467041015625,1920.3,899.1,yes,surgical-fix: ID2 wrong-reentry-link,re-entry linker / track-stitching wrong match post-departure,Re-entry linker merged ID2 with a new unrelated person after the original ID2 person departed. Frames 1237-1460 zeroed.
1268,104.265648,2,0,1763.5015869140625,621.925048828125,2088.327880859375,1157.480712890625,1925.9,889.7,yes,surgical-fix: ID2 wrong-reentry-link,re-entry linker / track-stitching wrong match post-departure,Re-entry linker merged ID2 with a new unrelated person after the original ID2 person departed. Frames 1237-1460 zeroed.
1269,104.347877,2,0,1765.4046630859375,602.0972290039062,2096.781494140625,1165.5740966796875,1931.1,883.8,yes,surgical-fix: ID2 wrong-reentry-link,re-entry linker / track-stitching wrong match post-departure,Re-entry linker merged ID2 with a new unrelated person after the original ID2 person departed. Frames 1237-1460 zeroed.
1270,104.430105,2,0,1765.134765625,598.2103271484375,2097.8779296875,1168.0355224609375,1931.5,883.1,yes,surgical-fix: ID2 wrong-reentry-link,re-entry linker / track-stitching wrong match post-departure,Re-entry linker merged ID2 with a new unrelated person after the original ID2 person departed. Frames 1237-1460 zeroed.
1271,104.512334,2,0,1764.6337890625,593.1970825195312,2096.705322265625,1169.4852294921875,1930.7,881.3,yes,surgical-fix: ID2 wrong-reentry-link,re-entry linker / track-stitching wrong match post-departure,Re-entry linker merged ID2 with a new unrelated person after the original ID2 person departed. Frames 1237-1460 zeroed.
1272,104.594562,2,0,1757.0142822265625,641.6067504882812,2082.408935546875,1168.7952880859375,1919.7,905.2,yes,surgical-fix: ID2 wrong-reentry-link,re-entry linker / track-stitching wrong match post-departure,Re-entry linker merged ID2 with a new unrelated person after the original ID2 person departed. Frames 1237-1460 zeroed.
1273,104.67679,2,0,1765.8411865234375,620.803955078125,2090.914794921875,1167.7117919921875,1928.4,894.3,yes,surgical-fix: ID2 wrong-reentry-link,re-entry linker / track-stitching wrong match post-departure,Re-entry linker merged ID2 with a new unrelated person after the original ID2 person departed. Frames 1237-1460 zeroed.
1274,104.759019,2,0,1743.7012939453125,593.4773559570312,2085.67431640625,1167.1270751953125,1914.7,880.3,yes,surgical-fix: ID2 wrong-reentry-link,re-entry linker / track-stitching wrong match post-departure,Re-entry linker merged ID2 with a new unrelated person after the original ID2 person departed. Frames 1237-1460 zeroed.
1275,104.841247,2,0,1735.9449462890625,639.0492553710938,2065.728271484375,1166.71142578125,1900.8,902.9,yes,surgical-fix: ID2 wrong-reentry-link,re-entry linker / track-stitching wrong match post-departure,Re-entry linker merged ID2 with a new unrelated person after the original ID2 person departed. Frames 1237-1460 zeroed.
1276,104.923476,2,0,1728.1968994140625,613.8466796875,2059.995849609375,1164.7435302734375,1894.1,889.3,yes,surgical-fix: ID2 wrong-reentry-link,re-entry linker / track-stitching wrong match post-departure,Re-entry linker merged ID2 with a new unrelated person after the original ID2 person departed. Frames 1237-1460 zeroed.
1277,105.005704,2,0,1724.9166259765625,639.1159057617188,2051.055908203125,1132.263671875,1888.0,885.7,yes,surgical-fix: ID2 wrong-reentry-link,re-entry linker / track-stitching wrong match post-departure,Re-entry linker merged ID2 with a new unrelated person after the original ID2 person departed. Frames 1237-1460 zeroed.
1278,105.087933,2,0,1708.8206787109375,682.2256469726562,2024.2601318359375,1161.4754638671875,1866.5,921.9,yes,surgical-fix: ID2 wrong-reentry-link,re-entry linker / track-stitching wrong match post-departure,Re-entry linker merged ID2 with a new unrelated person after the original ID2 person departed. Frames 1237-1460 zeroed.
1279,105.170161,2,0,1696.6011962890625,635.2408447265625,2012.5882568359375,1164.1351318359375,1854.6,899.7,yes,surgical-fix: ID2 wrong-reentry-link,re-entry linker / track-stitching wrong match post-departure,Re-entry linker merged ID2 with a new unrelated person after the original ID2 person departed. Frames 1237-1460 zeroed.
1280,105.252389,2,0,1674.1292724609375,609.0027465820312,2007.3304443359375,1120.3731689453125,1840.7,864.7,yes,surgical-fix: ID2 wrong-reentry-link,re-entry linker / track-stitching wrong match post-departure,Re-entry linker merged ID2 with a new unrelated person after the original ID2 person departed. Frames 1237-1460 zeroed.
1281,105.334618,2,0,1651.0113525390625,597.99462890625,1966.0355224609375,1187.75244140625,1808.5,892.9,yes,surgical-fix: ID2 wrong-reentry-link,re-entry linker / track-stitching wrong match post-departure,Re-entry linker merged ID2 with a new unrelated person after the original ID2 person departed. Frames 1237-1460 zeroed.
1282,105.416846,2,0,1645.7552490234375,586.3987426757812,1966.4146728515625,1194.9395751953125,1806.1,890.7,yes,surgical-fix: ID2 wrong-reentry-link,re-entry linker / track-stitching wrong match post-departure,Re-entry linker merged ID2 with a new unrelated person after the original ID2 person departed. Frames 1237-1460 zeroed.
1283,105.499075,2,0,1642.5435791015625,576.359375,1962.5091552734375,1184.8453369140625,1802.5,880.6,yes,surgical-fix: ID2 wrong-reentry-link,re-entry linker / track-stitching wrong match post-departure,Re-entry linker merged ID2 with a new unrelated person after the original ID2 person departed. Frames 1237-1460 zeroed.
1284,105.581303,2,0,1636.1607666015625,567.2590942382812,1925.2662353515625,1101.7928466796875,1780.7,834.5,yes,surgical-fix: ID2 wrong-reentry-link,re-entry linker / track-stitching wrong match post-departure,Re-entry linker merged ID2 with a new unrelated person after the original ID2 person departed. Frames 1237-1460 zeroed.
1285,105.663532,2,0,1632.2437744140625,561.0192260742188,1950.5980224609375,1095.44140625,1791.4,828.2,yes,surgical-fix: ID2 wrong-reentry-link,re-entry linker / track-stitching wrong match post-departure,Re-entry linker merged ID2 with a new unrelated person after the original ID2 person departed. Frames 1237-1460 zeroed.
1286,105.74576,2,0,1626.9010009765625,556.3628540039062,1928.2476806640625,1137.977294921875,1777.6,847.2,yes,surgical-fix: ID2 wrong-reentry-link,re-entry linker / track-stitching wrong match post-departure,Re-entry linker merged ID2 with a new unrelated person after the original ID2 person departed. Frames 1237-1460 zeroed.
1287,105.827988,2,0,1615.5728759765625,556.7957153320312,1928.6295166015625,1111.72314453125,1772.1,834.3,yes,surgical-fix: ID2 wrong-reentry-link,re-entry linker / track-stitching wrong match post-departure,Re-entry linker merged ID2 with a new unrelated person after the original ID2 person departed. Frames 1237-1460 zeroed.
1288,105.910217,2,0,1616.34814453125,555.9286499023438,1930.5186767578125,1108.0523681640625,1773.4,832.0,yes,surgical-fix: ID2 wrong-reentry-link,re-entry linker / track-stitching wrong match post-departure,Re-entry linker merged ID2 with a new unrelated person after the original ID2 person departed. Frames 1237-1460 zeroed.
1289,105.992445,2,0,1610.17236328125,557.3440551757812,1928.7469482421875,1109.5135498046875,1769.5,833.4,yes,surgical-fix: ID2 wrong-reentry-link,re-entry linker / track-stitching wrong match post-departure,Re-entry linker merged ID2 with a new unrelated person after the original ID2 person departed. Frames 1237-1460 zeroed.
1290,106.074674,2,0,1608.6968994140625,555.1072387695312,1929.0220947265625,1078.3681640625,1768.9,816.7,yes,surgical-fix: ID2 wrong-reentry-link,re-entry linker / track-stitching wrong match post-departure,Re-entry linker merged ID2 with a new unrelated person after the original ID2 person departed. Frames 1237-1460 zeroed.
1291,106.156902,2,0,1607.90234375,556.0978393554688,1929.9661865234375,1077.9024658203125,1768.9,817.0,yes,surgical-fix: ID2 wrong-reentry-link,re-entry linker / track-stitching wrong match post-departure,Re-entry linker merged ID2 with a new unrelated person after the original ID2 person departed. Frames 1237-1460 zeroed.
1292,106.239131,2,0,1605.2431640625,557.1982421875,1928.4049072265625,1083.3482666015625,1766.8,820.3,yes,surgical-fix: ID2 wrong-reentry-link,re-entry linker / track-stitching wrong match post-departure,Re-entry linker merged ID2 with a new unrelated person after the original ID2 person departed. Frames 1237-1460 zeroed.
1293,106.321359,2,0,1598.4837646484375,558.5369262695312,1926.2896728515625,1085.81201171875,1762.4,822.2,yes,surgical-fix: ID2 wrong-reentry-link,re-entry linker / track-stitching wrong match post-departure,Re-entry linker merged ID2 with a new unrelated person after the original ID2 person departed. Frames 1237-1460 zeroed.
1294,106.403587,2,0,1596.9072265625,558.9874877929688,1957.9027099609375,1087.9515380859375,1777.4,823.5,yes,surgical-fix: ID2 wrong-reentry-link,re-entry linker / track-stitching wrong match post-departure,Re-entry linker merged ID2 with a new unrelated person after the original ID2 person departed. Frames 1237-1460 zeroed.
1295,106.485816,2,0,1595.7113037109375,560.3273315429688,1911.4736328125,1085.0831298828125,1753.6,822.7,yes,surgical-fix: ID2 wrong-reentry-link,re-entry linker / track-stitching wrong match post-departure,Re-entry linker merged ID2 with a new unrelated person after the original ID2 person departed. Frames 1237-1460 zeroed.
1296,106.568044,2,0,1591.2733154296875,556.4095458984375,1885.0174560546875,1076.341796875,1738.1,816.4,yes,surgical-fix: ID2 wrong-reentry-link,re-entry linker / track-stitching wrong match post-departure,Re-entry linker merged ID2 with a new unrelated person after the original ID2 person departed. Frames 1237-1460 zeroed.
1297,106.650273,2,0,1589.8804931640625,556.5845336914062,1889.2255859375,1078.30126953125,1739.6,817.4,yes,surgical-fix: ID2 wrong-reentry-link,re-entry linker / track-stitching wrong match post-departure,Re-entry linker merged ID2 with a new unrelated person after the original ID2 person departed. Frames 1237-1460 zeroed.
1298,106.732501,2,0,1593.8682861328125,547.9352416992188,1882.06201171875,1045.0545654296875,1738.0,796.5,yes,surgical-fix: ID2 wrong-reentry-link,re-entry linker / track-stitching wrong match post-departure,Re-entry linker merged ID2 with a new unrelated person after the original ID2 person departed. Frames 1237-1460 zeroed.
1299,106.81473,2,0,1590.5537109375,534.6981201171875,1866.8970947265625,1021.2326049804688,1728.7,778.0,yes,surgical-fix: ID2 wrong-reentry-link,re-entry linker / track-stitching wrong match post-departure,Re-entry linker merged ID2 with a new unrelated person after the original ID2 person departed. Frames 1237-1460 zeroed.
1300,106.896958,2,0,1581.6448974609375,532.1611938476562,1846.1558837890625,991.7920532226562,1713.9,762.0,yes,surgical-fix: ID2 wrong-reentry-link,re-entry linker / track-stitching wrong match post-departure,Re-entry linker merged ID2 with a new unrelated person after the original ID2 person departed. Frames 1237-1460 zeroed.
1301,106.979186,2,0,1561.4727783203125,522.0693969726562,1836.9832763671875,985.859375,1699.2,754.0,yes,surgical-fix: ID2 wrong-reentry-link,re-entry linker / track-stitching wrong match post-departure,Re-entry linker merged ID2 with a new unrelated person after the original ID2 person departed. Frames 1237-1460 zeroed.
1302,107.061415,2,0,1547.8154296875,515.3517456054688,1828.9189453125,978.8154296875,1688.4,747.1,yes,surgical-fix: ID2 wrong-reentry-link,re-entry linker / track-stitching wrong match post-departure,Re-entry linker merged ID2 with a new unrelated person after the original ID2 person departed. Frames 1237-1460 zeroed.
1303,107.143643,2,0,1540.6068115234375,512.9595947265625,1800.064453125,966.9866333007812,1670.3,740.0,yes,surgical-fix: ID2 wrong-reentry-link,re-entry linker / track-stitching wrong match post-departure,Re-entry linker merged ID2 with a new unrelated person after the original ID2 person departed. Frames 1237-1460 zeroed.
1304,107.225872,2,0,1526.1329345703125,494.9940185546875,1800.0369873046875,973.9949340820312,1663.1,734.5,yes,surgical-fix: ID2 wrong-reentry-link,re-entry linker / track-stitching wrong match post-departure,Re-entry linker merged ID2 with a new unrelated person after the original ID2 person departed. Frames 1237-1460 zeroed.
1305,107.3081,2,0,1518.3248291015625,490.2569580078125,1797.8997802734375,977.6886596679688,1658.1,734.0,yes,surgical-fix: ID2 wrong-reentry-link,re-entry linker / track-stitching wrong match post-departure,Re-entry linker merged ID2 with a new unrelated person after the original ID2 person departed. Frames 1237-1460 zeroed.
1306,107.390329,2,0,1515.17578125,487.6821594238281,1796.771484375,976.2830200195312,1656.0,732.0,yes,surgical-fix: ID2 wrong-reentry-link,re-entry linker / track-stitching wrong match post-departure,Re-entry linker merged ID2 with a new unrelated person after the original ID2 person departed. Frames 1237-1460 zeroed.
1307,107.472557,2,0,1510.677734375,487.1967468261719,1793.5791015625,970.8458862304688,1652.1,729.0,yes,surgical-fix: ID2 wrong-reentry-link,re-entry linker / track-stitching wrong match post-departure,Re-entry linker merged ID2 with a new unrelated person after the original ID2 person departed. Frames 1237-1460 zeroed.
1308,107.554785,2,0,1507.025390625,486.6657409667969,1792.5859375,970.4323120117188,1649.8,728.5,yes,surgical-fix: ID2 wrong-reentry-link,re-entry linker / track-stitching wrong match post-departure,Re-entry linker merged ID2 with a new unrelated person after the original ID2 person departed. Frames 1237-1460 zeroed.
1309,107.637014,2,0,1507.3326416015625,486.730712890625,1792.4954833984375,966.8110961914062,1649.9,726.8,yes,surgical-fix: ID2 wrong-reentry-link,re-entry linker / track-stitching wrong match post-departure,Re-entry linker merged ID2 with a new unrelated person after the original ID2 person departed. Frames 1237-1460 zeroed.
1310,107.719242,2,0,1505.5697021484375,485.8822021484375,1793.5452880859375,961.9944458007812,1649.6,723.9,yes,surgical-fix: ID2 wrong-reentry-link,re-entry linker / track-stitching wrong match post-departure,Re-entry linker merged ID2 with a new unrelated person after the original ID2 person departed. Frames 1237-1460 zeroed.
1311,107.801471,2,0,1504.9710693359375,484.9986572265625,1793.4906005859375,973.7532348632812,1649.2,729.4,yes,surgical-fix: ID2 wrong-reentry-link,re-entry linker / track-stitching wrong match post-departure,Re-entry linker merged ID2 with a new unrelated person after the original ID2 person departed. Frames 1237-1460 zeroed.
1312,107.883699,2,0,1504.6851806640625,485.146728515625,1793.3017578125,976.058837890625,1649.0,730.6,yes,surgical-fix: ID2 wrong-reentry-link,re-entry linker / track-stitching wrong match post-departure,Re-entry linker merged ID2 with a new unrelated person after the original ID2 person departed. Frames 1237-1460 zeroed.
1313,107.965928,2,0,1504.9793701171875,484.7468566894531,1793.2791748046875,978.9581909179688,1649.1,731.9,yes,surgical-fix: ID2 wrong-reentry-link,re-entry linker / track-stitching wrong match post-departure,Re-entry linker merged ID2 with a new unrelated person after the original ID2 person departed. Frames 1237-1460 zeroed.
1314,108.048156,2,0,1502.7091064453125,483.376220703125,1793.1580810546875,980.1644897460938,1647.9,731.8,yes,surgical-fix: ID2 wrong-reentry-link,re-entry linker / track-stitching wrong match post-departure,Re-entry linker merged ID2 with a new unrelated person after the original ID2 person departed. Frames 1237-1460 zeroed.
1315,108.130384,2,0,1506.0947265625,482.0537414550781,1792.9703369140625,981.9807739257812,1649.5,732.0,yes,surgical-fix: ID2 wrong-reentry-link,re-entry linker / track-stitching wrong match post-departure,Re-entry linker merged ID2 with a new unrelated person after the original ID2 person departed. Frames 1237-1460 zeroed.
1316,108.212613,2,0,1510.8782958984375,480.4905700683594,1795.638671875,989.8869018554688,1653.3,735.2,yes,surgical-fix: ID2 wrong-reentry-link,re-entry linker / track-stitching wrong match post-departure,Re-entry linker merged ID2 with a new unrelated person after the original ID2 person departed. Frames 1237-1460 zeroed.
1317,108.294841,2,0,1514.1439208984375,480.8775939941406,1794.5394287109375,999.47216796875,1654.3,740.2,yes,surgical-fix: ID2 wrong-reentry-link,re-entry linker / track-stitching wrong match post-departure,Re-entry linker merged ID2 with a new unrelated person after the original ID2 person departed. Frames 1237-1460 zeroed.
1318,108.37707,2,0,1514.65087890625,478.4965515136719,1794.09326171875,1000.4187622070312,1654.4,739.5,yes,surgical-fix: ID2 wrong-reentry-link,re-entry linker / track-stitching wrong match post-departure,Re-entry linker merged ID2 with a new unrelated person after the original ID2 person departed. Frames 1237-1460 zeroed.
1319,108.459298,2,0,1509.634765625,478.1761779785156,1794.17578125,1001.6600952148438,1651.9,739.9,yes,surgical-fix: ID2 wrong-reentry-link,re-entry linker / track-stitching wrong match post-departure,Re-entry linker merged ID2 with a new unrelated person after the original ID2 person departed. Frames 1237-1460 zeroed.
1320,108.541527,2,0,1500.8284912109375,477.3306579589844,1792.6025390625,1012.864013671875,1646.7,745.1,yes,surgical-fix: ID2 wrong-reentry-link,re-entry linker / track-stitching wrong match post-departure,Re-entry linker merged ID2 with a new unrelated person after the original ID2 person departed. Frames 1237-1460 zeroed.
1321,108.623755,2,0,1509.7279052734375,479.5038146972656,1793.7767333984375,1026.784423828125,1651.8,753.1,yes,surgical-fix: ID2 wrong-reentry-link,re-entry linker / track-stitching wrong match post-departure,Re-entry linker merged ID2 with a new unrelated person after the original ID2 person departed. Frames 1237-1460 zeroed.
1322,108.705983,2,0,1506.8389892578125,477.5388488769531,1793.5897216796875,1038.21826171875,1650.2,757.9,yes,surgical-fix: ID2 wrong-reentry-link,re-entry linker / track-stitching wrong match post-departure,Re-entry linker merged ID2 with a new unrelated person after the original ID2 person departed. Frames 1237-1460 zeroed.
1323,108.788212,2,0,1508.9976806640625,477.4308166503906,1790.1943359375,1038.5137939453125,1649.6,758.0,yes,surgical-fix: ID2 wrong-reentry-link,re-entry linker / track-stitching wrong match post-departure,Re-entry linker merged ID2 with a new unrelated person after the original ID2 person departed. Frames 1237-1460 zeroed.
1324,108.87044,2,0,1508.0419921875,476.8425598144531,1788.37890625,1036.33544921875,1648.2,756.6,yes,surgical-fix: ID2 wrong-reentry-link,re-entry linker / track-stitching wrong match post-departure,Re-entry linker merged ID2 with a new unrelated person after the original ID2 person departed. Frames 1237-1460 zeroed.
1325,108.952669,2,0,1507.9495849609375,477.215087890625,1779.0543212890625,1035.646728515625,1643.5,756.4,yes,surgical-fix: ID2 wrong-reentry-link,re-entry linker / track-stitching wrong match post-departure,Re-entry linker merged ID2 with a new unrelated person after the original ID2 person departed. Frames 1237-1460 zeroed.
1326,109.034897,2,0,1508.7464599609375,478.9560852050781,1780.9964599609375,1032.6263427734375,1644.9,755.8,yes,surgical-fix: ID2 wrong-reentry-link,re-entry linker / track-stitching wrong match post-departure,Re-entry linker merged ID2 with a new unrelated person after the original ID2 person departed. Frames 1237-1460 zeroed.
1327,109.117126,2,0,1508.34130859375,477.5086364746094,1792.38623046875,1036.3275146484375,1650.4,756.9,yes,surgical-fix: ID2 wrong-reentry-link,re-entry linker / track-stitching wrong match post-departure,Re-entry linker merged ID2 with a new unrelated person after the original ID2 person departed. Frames 1237-1460 zeroed.
1328,109.199354,2,0,1508.3607177734375,478.7733154296875,1796.2366943359375,1046.3741455078125,1652.3,762.6,yes,surgical-fix: ID2 wrong-reentry-link,re-entry linker / track-stitching wrong match post-departure,Re-entry linker merged ID2 with a new unrelated person after the original ID2 person departed. Frames 1237-1460 zeroed.
1329,109.281582,2,0,1508.3310546875,480.0838317871094,1796.4195556640625,1048.2147216796875,1652.4,764.1,yes,surgical-fix: ID2 wrong-reentry-link,re-entry linker / track-stitching wrong match post-departure,Re-entry linker merged ID2 with a new unrelated person after the original ID2 person departed. Frames 1237-1460 zeroed.
1330,109.363811,2,0,1508.09423828125,481.1266174316406,1796.76220703125,1048.9146728515625,1652.4,765.0,yes,surgical-fix: ID2 wrong-reentry-link,re-entry linker / track-stitching wrong match post-departure,Re-entry linker merged ID2 with a new unrelated person after the original ID2 person departed. Frames 1237-1460 zeroed.
1331,109.446039,2,0,1506.9534912109375,480.267333984375,1797.0093994140625,1048.6798095703125,1652.0,764.5,yes,surgical-fix: ID2 wrong-reentry-link,re-entry linker / track-stitching wrong match post-departure,Re-entry linker merged ID2 with a new unrelated person after the original ID2 person departed. Frames 1237-1460 zeroed.
1332,109.528268,2,0,1508.9091796875,481.756103515625,1797.330078125,1048.488525390625,1653.1,765.1,yes,surgical-fix: ID2 wrong-reentry-link,re-entry linker / track-stitching wrong match post-departure,Re-entry linker merged ID2 with a new unrelated person after the original ID2 person departed. Frames 1237-1460 zeroed.
1333,109.610496,2,0,1508.7503662109375,481.725341796875,1797.1962890625,1047.3521728515625,1653.0,764.5,yes,surgical-fix: ID2 wrong-reentry-link,re-entry linker / track-stitching wrong match post-departure,Re-entry linker merged ID2 with a new unrelated person after the original ID2 person departed. Frames 1237-1460 zeroed.
1334,109.692725,2,0,1510.685546875,481.9576416015625,1797.4818115234375,1044.9683837890625,1654.1,763.5,yes,surgical-fix: ID2 wrong-reentry-link,re-entry linker / track-stitching wrong match post-departure,Re-entry linker merged ID2 with a new unrelated person after the original ID2 person departed. Frames 1237-1460 zeroed.
1335,109.774953,2,0,1510.8607177734375,481.6231384277344,1796.5611572265625,1015.8973999023438,1653.7,748.8,yes,surgical-fix: ID2 wrong-reentry-link,re-entry linker / track-stitching wrong match post-departure,Re-entry linker merged ID2 with a new unrelated person after the original ID2 person departed. Frames 1237-1460 zeroed.
1336,109.857181,2,0,1512.822265625,481.2176208496094,1796.3118896484375,1012.6416015625,1654.6,746.9,yes,surgical-fix: ID2 wrong-reentry-link,re-entry linker / track-stitching wrong match post-departure,Re-entry linker merged ID2 with a new unrelated person after the original ID2 person departed. Frames 1237-1460 zeroed.
1337,109.93941,2,0,1512.1937255859375,481.4445495605469,1796.5941162109375,993.2540893554688,1654.4,737.3,yes,surgical-fix: ID2 wrong-reentry-link,re-entry linker / track-stitching wrong match post-departure,Re-entry linker merged ID2 with a new unrelated person after the original ID2 person departed. Frames 1237-1460 zeroed.
1338,110.021638,2,0,1511.6546630859375,481.3838806152344,1796.9166259765625,997.011474609375,1654.3,739.2,yes,surgical-fix: ID2 wrong-reentry-link,re-entry linker / track-stitching wrong match post-departure,Re-entry linker merged ID2 with a new unrelated person after the original ID2 person departed. Frames 1237-1460 zeroed.
1339,110.103867,2,0,1510.8284912109375,481.3495178222656,1796.5045166015625,1006.7188110351562,1653.7,744.0,yes,surgical-fix: ID2 wrong-reentry-link,re-entry linker / track-stitching wrong match post-departure,Re-entry linker merged ID2 with a new unrelated person after the original ID2 person departed. Frames 1237-1460 zeroed.
1340,110.186095,2,0,1504.0054931640625,479.5790710449219,1798.8023681640625,986.1643676757812,1651.4,732.9,yes,surgical-fix: ID2 wrong-reentry-link,re-entry linker / track-stitching wrong match post-departure,Re-entry linker merged ID2 with a new unrelated person after the original ID2 person departed. Frames 1237-1460 zeroed.
1341,110.268324,2,0,1503.9788818359375,479.431396484375,1799.1162109375,986.3296508789062,1651.5,732.9,yes,surgical-fix: ID2 wrong-reentry-link,re-entry linker / track-stitching wrong match post-departure,Re-entry linker merged ID2 with a new unrelated person after the original ID2 person departed. Frames 1237-1460 zeroed.
1342,110.350552,2,0,1503.544921875,479.1005859375,1798.8369140625,988.0130004882812,1651.2,733.6,yes,surgical-fix: ID2 wrong-reentry-link,re-entry linker / track-stitching wrong match post-departure,Re-entry linker merged ID2 with a new unrelated person after the original ID2 person departed. Frames 1237-1460 zeroed.
1343,110.43278,2,0,1504.0531005859375,479.1087951660156,1798.8382568359375,986.792236328125,1651.4,733.0,yes,surgical-fix: ID2 wrong-reentry-link,re-entry linker / track-stitching wrong match post-departure,Re-entry linker merged ID2 with a new unrelated person after the original ID2 person departed. Frames 1237-1460 zeroed.
1344,110.515009,2,0,1504.01123046875,479.4257507324219,1798.1844482421875,986.2783203125,1651.1,732.9,yes,surgical-fix: ID2 wrong-reentry-link,re-entry linker / track-stitching wrong match post-departure,Re-entry linker merged ID2 with a new unrelated person after the original ID2 person departed. Frames 1237-1460 zeroed.
1345,110.597237,2,0,1504.2115478515625,479.34423828125,1798.08203125,984.4697265625,1651.1,731.9,yes,surgical-fix: ID2 wrong-reentry-link,re-entry linker / track-stitching wrong match post-departure,Re-entry linker merged ID2 with a new unrelated person after the original ID2 person departed. Frames 1237-1460 zeroed.
1346,110.679466,2,0,1504.36376953125,479.6633605957031,1797.76220703125,983.98828125,1651.1,731.8,yes,surgical-fix: ID2 wrong-reentry-link,re-entry linker / track-stitching wrong match post-departure,Re-entry linker merged ID2 with a new unrelated person after the original ID2 person departed. Frames 1237-1460 zeroed.
1347,110.761694,2,0,1503.5640869140625,479.6626892089844,1797.8070068359375,986.348388671875,1650.7,733.0,yes,surgical-fix: ID2 wrong-reentry-link,re-entry linker / track-stitching wrong match post-departure,Re-entry linker merged ID2 with a new unrelated person after the original ID2 person departed. Frames 1237-1460 zeroed.
1348,110.843923,2,0,1503.8836669921875,479.9409484863281,1797.90478515625,985.4197387695312,1650.9,732.7,yes,surgical-fix: ID2 wrong-reentry-link,re-entry linker / track-stitching wrong match post-departure,Re-entry linker merged ID2 with a new unrelated person after the original ID2 person departed. Frames 1237-1460 zeroed.
1349,110.926151,2,0,1504.2025146484375,480.1310119628906,1798.4427490234375,985.6300659179688,1651.3,732.9,yes,surgical-fix: ID2 wrong-reentry-link,re-entry linker / track-stitching wrong match post-departure,Re-entry linker merged ID2 with a new unrelated person after the original ID2 person departed. Frames 1237-1460 zeroed.
1350,111.008379,2,0,1503.77490234375,480.9689025878906,1797.8028564453125,984.701171875,1650.8,732.8,yes,surgical-fix: ID2 wrong-reentry-link,re-entry linker / track-stitching wrong match post-departure,Re-entry linker merged ID2 with a new unrelated person after the original ID2 person departed. Frames 1237-1460 zeroed.
1351,111.090608,2,0,1503.544921875,481.272705078125,1797.2806396484375,984.8656616210938,1650.4,733.1,yes,surgical-fix: ID2 wrong-reentry-link,re-entry linker / track-stitching wrong match post-departure,Re-entry linker merged ID2 with a new unrelated person after the original ID2 person departed. Frames 1237-1460 zeroed.
1352,111.172836,2,0,1501.9324951171875,481.47802734375,1794.9793701171875,992.56884765625,1648.5,737.0,yes,surgical-fix: ID2 wrong-reentry-link,re-entry linker / track-stitching wrong match post-departure,Re-entry linker merged ID2 with a new unrelated person after the original ID2 person departed. Frames 1237-1460 zeroed.
1353,111.255065,2,0,1499.693359375,481.8848876953125,1795.4375,993.8703002929688,1647.6,737.9,yes,surgical-fix: ID2 wrong-reentry-link,re-entry linker / track-stitching wrong match post-departure,Re-entry linker merged ID2 with a new unrelated person after the original ID2 person departed. Frames 1237-1460 zeroed.
1354,111.337293,2,0,1499.4847412109375,483.0838317871094,1794.6474609375,992.89501953125,1647.1,738.0,yes,surgical-fix: ID2 wrong-reentry-link,re-entry linker / track-stitching wrong match post-departure,Re-entry linker merged ID2 with a new unrelated person after the original ID2 person departed. Frames 1237-1460 zeroed.
1355,111.419522,2,0,1498.8218994140625,484.036865234375,1794.3717041015625,992.664306640625,1646.6,738.4,yes,surgical-fix: ID2 wrong-reentry-link,re-entry linker / track-stitching wrong match post-departure,Re-entry linker merged ID2 with a new unrelated person after the original ID2 person departed. Frames 1237-1460 zeroed.
1356,111.50175,2,0,1498.3936767578125,485.5572814941406,1794.9197998046875,993.5075073242188,1646.7,739.5,yes,surgical-fix: ID2 wrong-reentry-link,re-entry linker / track-stitching wrong match post-departure,Re-entry linker merged ID2 with a new unrelated person after the original ID2 person departed. Frames 1237-1460 zeroed.
1357,111.583978,2,0,1498.328125,485.4571228027344,1794.7669677734375,994.435302734375,1646.5,739.9,yes,surgical-fix: ID2 wrong-reentry-link,re-entry linker / track-stitching wrong match post-departure,Re-entry linker merged ID2 with a new unrelated person after the original ID2 person departed. Frames 1237-1460 zeroed.
1358,111.666207,2,0,1500.1761474609375,485.0851135253906,1795.4476318359375,992.1453247070312,1647.8,738.6,yes,surgical-fix: ID2 wrong-reentry-link,re-entry linker / track-stitching wrong match post-departure,Re-entry linker merged ID2 with a new unrelated person after the original ID2 person departed. Frames 1237-1460 zeroed.
1359,111.748435,2,0,1500.759765625,485.4181823730469,1795.4954833984375,993.0499877929688,1648.1,739.2,yes,surgical-fix: ID2 wrong-reentry-link,re-entry linker / track-stitching wrong match post-departure,Re-entry linker merged ID2 with a new unrelated person after the original ID2 person departed. Frames 1237-1460 zeroed.
1360,111.830664,2,0,1501.3173828125,485.1339416503906,1794.7454833984375,993.2468872070312,1648.0,739.2,yes,surgical-fix: ID2 wrong-reentry-link,re-entry linker / track-stitching wrong match post-departure,Re-entry linker merged ID2 with a new unrelated person after the original ID2 person departed. Frames 1237-1460 zeroed.
1361,111.912892,2,0,1501.0201416015625,484.7713317871094,1795.6107177734375,991.4010620117188,1648.3,738.1,yes,surgical-fix: ID2 wrong-reentry-link,re-entry linker / track-stitching wrong match post-departure,Re-entry linker merged ID2 with a new unrelated person after the original ID2 person departed. Frames 1237-1460 zeroed.
1362,111.995121,2,0,1500.099609375,485.9297790527344,1795.6451416015625,991.993896484375,1647.9,739.0,yes,surgical-fix: ID2 wrong-reentry-link,re-entry linker / track-stitching wrong match post-departure,Re-entry linker merged ID2 with a new unrelated person after the original ID2 person departed. Frames 1237-1460 zeroed.
1363,112.077349,2,0,1499.6490478515625,485.4160461425781,1795.0396728515625,993.0774536132812,1647.3,739.2,yes,surgical-fix: ID2 wrong-reentry-link,re-entry linker / track-stitching wrong match post-departure,Re-entry linker merged ID2 with a new unrelated person after the original ID2 person departed. Frames 1237-1460 zeroed.
1364,112.159577,2,0,1500.3275146484375,485.695068359375,1794.9146728515625,995.767333984375,1647.6,740.7,yes,surgical-fix: ID2 wrong-reentry-link,re-entry linker / track-stitching wrong match post-departure,Re-entry linker merged ID2 with a new unrelated person after the original ID2 person departed. Frames 1237-1460 zeroed.
1365,112.241806,2,0,1500.27978515625,485.3914794921875,1793.6942138671875,994.7208862304688,1647.0,740.1,yes,surgical-fix: ID2 wrong-reentry-link,re-entry linker / track-stitching wrong match post-departure,Re-entry linker merged ID2 with a new unrelated person after the original ID2 person departed. Frames 1237-1460 zeroed.
1366,112.324034,2,0,1500.0667724609375,485.3306579589844,1792.9066162109375,996.7025756835938,1646.5,741.0,yes,surgical-fix: ID2 wrong-reentry-link,re-entry linker / track-stitching wrong match post-departure,Re-entry linker merged ID2 with a new unrelated person after the original ID2 person departed. Frames 1237-1460 zeroed.
1367,112.406263,2,0,1500.52734375,484.7784729003906,1791.9564208984375,995.8567504882812,1646.2,740.3,yes,surgical-fix: ID2 wrong-reentry-link,re-entry linker / track-stitching wrong match post-departure,Re-entry linker merged ID2 with a new unrelated person after the original ID2 person departed. Frames 1237-1460 zeroed.
1368,112.488491,2,0,1500.9263916015625,483.0005798339844,1792.17578125,994.3125610351562,1646.6,738.7,yes,surgical-fix: ID2 wrong-reentry-link,re-entry linker / track-stitching wrong match post-departure,Re-entry linker merged ID2 with a new unrelated person after the original ID2 person departed. Frames 1237-1460 zeroed.
1369,112.57072,2,0,1500.9849853515625,482.9383239746094,1791.9058837890625,993.1728515625,1646.4,738.1,yes,surgical-fix: ID2 wrong-reentry-link,re-entry linker / track-stitching wrong match post-departure,Re-entry linker merged ID2 with a new unrelated person after the original ID2 person departed. Frames 1237-1460 zeroed.
1370,112.652948,2,0,1501.05419921875,482.5892028808594,1791.7576904296875,990.7243041992188,1646.4,736.7,yes,surgical-fix: ID2 wrong-reentry-link,re-entry linker / track-stitching wrong match post-departure,Re-entry linker merged ID2 with a new unrelated person after the original ID2 person departed. Frames 1237-1460 zeroed.
1371,112.735176,2,0,1500.751953125,482.75341796875,1791.5201416015625,990.67138671875,1646.1,736.7,yes,surgical-fix: ID2 wrong-reentry-link,re-entry linker / track-stitching wrong match post-departure,Re-entry linker merged ID2 with a new unrelated person after the original ID2 person departed. Frames 1237-1460 zeroed.
1372,112.817405,2,0,1500.328125,482.9366455078125,1791.744140625,991.3292846679688,1646.0,737.1,yes,surgical-fix: ID2 wrong-reentry-link,re-entry linker / track-stitching wrong match post-departure,Re-entry linker merged ID2 with a new unrelated person after the original ID2 person departed. Frames 1237-1460 zeroed.
1373,112.899633,2,0,1499.5078125,483.0503234863281,1792.3626708984375,992.9767456054688,1645.9,738.0,yes,surgical-fix: ID2 wrong-reentry-link,re-entry linker / track-stitching wrong match post-departure,Re-entry linker merged ID2 with a new unrelated person after the original ID2 person departed. Frames 1237-1460 zeroed.
1374,112.981862,2,0,1499.8271484375,483.5913391113281,1792.0543212890625,991.74853515625,1645.9,737.7,yes,surgical-fix: ID2 wrong-reentry-link,re-entry linker / track-stitching wrong match post-departure,Re-entry linker merged ID2 with a new unrelated person after the original ID2 person departed. Frames 1237-1460 zeroed.
1375,113.06409,2,0,1499.9622802734375,482.887451171875,1791.8021240234375,991.0043334960938,1645.9,736.9,yes,surgical-fix: ID2 wrong-reentry-link,re-entry linker / track-stitching wrong match post-departure,Re-entry linker merged ID2 with a new unrelated person after the original ID2 person departed. Frames 1237-1460 zeroed.
1376,113.146319,2,0,1514.1395263671875,482.6471862792969,1793.2752685546875,990.958984375,1653.7,736.8,yes,surgical-fix: ID2 wrong-reentry-link,re-entry linker / track-stitching wrong match post-departure,Re-entry linker merged ID2 with a new unrelated person after the original ID2 person departed. Frames 1237-1460 zeroed.
1377,113.228547,2,0,1513.5244140625,483.0576477050781,1793.2177734375,990.8844604492188,1653.4,737.0,yes,surgical-fix: ID2 wrong-reentry-link,re-entry linker / track-stitching wrong match post-departure,Re-entry linker merged ID2 with a new unrelated person after the original ID2 person departed. Frames 1237-1460 zeroed.
1378,113.310775,2,0,1514.4354248046875,482.9855651855469,1793.31689453125,991.0994262695312,1653.9,737.0,yes,surgical-fix: ID2 wrong-reentry-link,re-entry linker / track-stitching wrong match post-departure,Re-entry linker merged ID2 with a new unrelated person after the original ID2 person departed. Frames 1237-1460 zeroed.
1379,113.393004,2,0,1512.8046875,483.0379943847656,1793.673828125,989.588623046875,1653.2,736.3,yes,surgical-fix: ID2 wrong-reentry-link,re-entry linker / track-stitching wrong match post-departure,Re-entry linker merged ID2 with a new unrelated person after the original ID2 person departed. Frames 1237-1460 zeroed.
1380,113.475232,2,0,1518.4183349609375,483.0320739746094,1793.1494140625,990.095703125,1655.8,736.6,yes,surgical-fix: ID2 wrong-reentry-link,re-entry linker / track-stitching wrong match post-departure,Re-entry linker merged ID2 with a new unrelated person after the original ID2 person departed. Frames 1237-1460 zeroed.
1381,113.557461,2,0,1516.9456787109375,483.0735168457031,1792.7161865234375,990.1793823242188,1654.8,736.6,yes,surgical-fix: ID2 wrong-reentry-link,re-entry linker / track-stitching wrong match post-departure,Re-entry linker merged ID2 with a new unrelated person after the original ID2 person departed. Frames 1237-1460 zeroed.
1382,113.639689,2,0,1518.0384521484375,483.0488586425781,1791.3658447265625,989.9241333007812,1654.7,736.5,yes,surgical-fix: ID2 wrong-reentry-link,re-entry linker / track-stitching wrong match post-departure,Re-entry linker merged ID2 with a new unrelated person after the original ID2 person departed. Frames 1237-1460 zeroed.
1383,113.721918,2,0,1518.3896484375,482.421630859375,1789.8828125,989.803955078125,1654.1,736.1,yes,surgical-fix: ID2 wrong-reentry-link,re-entry linker / track-stitching wrong match post-departure,Re-entry linker merged ID2 with a new unrelated person after the original ID2 person departed. Frames 1237-1460 zeroed.
1384,113.804146,2,0,1517.0784912109375,482.1016845703125,1788.9847412109375,989.04541015625,1653.0,735.6,yes,surgical-fix: ID2 wrong-reentry-link,re-entry linker / track-stitching wrong match post-departure,Re-entry linker merged ID2 with a new unrelated person after the original ID2 person departed. Frames 1237-1460 zeroed.
1385,113.886374,2,0,1519.2296142578125,479.0361633300781,1789.4024658203125,987.0637817382812,1654.3,733.0,yes,surgical-fix: ID2 wrong-reentry-link,re-entry linker / track-stitching wrong match post-departure,Re-entry linker merged ID2 with a new unrelated person after the original ID2 person departed. Frames 1237-1460 zeroed.
1386,113.968603,2,0,1514.5120849609375,478.5045471191406,1789.6800537109375,987.8078002929688,1652.1,733.2,yes,surgical-fix: ID2 wrong-reentry-link,re-entry linker / track-stitching wrong match post-departure,Re-entry linker merged ID2 with a new unrelated person after the original ID2 person departed. Frames 1237-1460 zeroed.
1387,114.050831,2,0,1513.3375244140625,478.5555725097656,1790.3870849609375,988.080810546875,1651.9,733.3,yes,surgical-fix: ID2 wrong-reentry-link,re-entry linker / track-stitching wrong match post-departure,Re-entry linker merged ID2 with a new unrelated person after the original ID2 person departed. Frames 1237-1460 zeroed.
1388,114.13306,2,0,1497.2601318359375,478.1676330566406,1788.9052734375,978.9674682617188,1643.1,728.6,yes,surgical-fix: ID2 wrong-reentry-link,re-entry linker / track-stitching wrong match post-departure,Re-entry linker merged ID2 with a new unrelated person after the original ID2 person departed. Frames 1237-1460 zeroed.
1389,114.215288,2,0,1505.5601806640625,476.4402770996094,1830.9134521484375,995.7958984375,1668.2,736.1,yes,surgical-fix: ID2 wrong-reentry-link,re-entry linker / track-stitching wrong match post-departure,Re-entry linker merged ID2 with a new unrelated person after the original ID2 person departed. Frames 1237-1460 zeroed.
1390,114.297517,2,0,1506.7216796875,475.2034606933594,1788.3499755859375,980.1760864257812,1647.5,727.7,yes,surgical-fix: ID2 wrong-reentry-link,re-entry linker / track-stitching wrong match post-departure,Re-entry linker merged ID2 with a new unrelated person after the original ID2 person departed. Frames 1237-1460 zeroed.
1391,114.379745,2,0,1505.9769287109375,475.9761657714844,1854.2818603515625,1002.9995727539062,1680.1,739.5,yes,surgical-fix: ID2 wrong-reentry-link,re-entry linker / track-stitching wrong match post-departure,Re-entry linker merged ID2 with a new unrelated person after the original ID2 person departed. Frames 1237-1460 zeroed.
1392,114.461973,2,0,1509.478515625,475.9990234375,1831.712890625,977.1642456054688,1670.6,726.6,yes,surgical-fix: ID2 wrong-reentry-link,re-entry linker / track-stitching wrong match post-departure,Re-entry linker merged ID2 with a new unrelated person after the original ID2 person departed. Frames 1237-1460 zeroed.
1393,114.544202,2,0,1508.845703125,474.2227783203125,1851.033203125,977.0242309570312,1679.9,725.6,yes,surgical-fix: ID2 wrong-reentry-link,re-entry linker / track-stitching wrong match post-departure,Re-entry linker merged ID2 with a new unrelated person after the original ID2 person departed. Frames 1237-1460 zeroed.
1394,114.62643,2,0,1508.7271728515625,474.328857421875,1871.9527587890625,979.073974609375,1690.3,726.7,yes,surgical-fix: ID2 wrong-reentry-link,re-entry linker / track-stitching wrong match post-departure,Re-entry linker merged ID2 with a new unrelated person after the original ID2 person departed. Frames 1237-1460 zeroed.
1395,114.708659,2,0,1507.8658447265625,470.4898376464844,1846.6458740234375,976.1909790039062,1677.3,723.3,yes,surgical-fix: ID2 wrong-reentry-link,re-entry linker / track-stitching wrong match post-departure,Re-entry linker merged ID2 with a new unrelated person after the original ID2 person departed. Frames 1237-1460 zeroed.
1396,114.790887,2,0,1508.1243896484375,468.4041442871094,1843.7396240234375,973.9782104492188,1675.9,721.2,yes,surgical-fix: ID2 wrong-reentry-link,re-entry linker / track-stitching wrong match post-departure,Re-entry linker merged ID2 with a new unrelated person after the original ID2 person departed. Frames 1237-1460 zeroed.
1397,114.873116,2,0,1509.60302734375,468.8528137207031,1827.69970703125,978.318359375,1668.7,723.6,yes,surgical-fix: ID2 wrong-reentry-link,re-entry linker / track-stitching wrong match post-departure,Re-entry linker merged ID2 with a new unrelated person after the original ID2 person departed. Frames 1237-1460 zeroed.
1398,114.955344,2,0,1509.76611328125,468.5939025878906,1807.13916015625,978.03955078125,1658.5,723.3,yes,surgical-fix: ID2 wrong-reentry-link,re-entry linker / track-stitching wrong match post-departure,Re-entry linker merged ID2 with a new unrelated person after the original ID2 person departed. Frames 1237-1460 zeroed.
1399,115.037572,2,0,1510.1224365234375,468.7450256347656,1806.236328125,977.481689453125,1658.2,723.1,yes,surgical-fix: ID2 wrong-reentry-link,re-entry linker / track-stitching wrong match post-departure,Re-entry linker merged ID2 with a new unrelated person after the original ID2 person departed. Frames 1237-1460 zeroed.
1400,115.119801,2,0,1504.6865234375,474.8427734375,1805.3043212890625,1041.33544921875,1655.0,758.1,yes,surgical-fix: ID2 wrong-reentry-link,re-entry linker / track-stitching wrong match post-departure,Re-entry linker merged ID2 with a new unrelated person after the original ID2 person departed. Frames 1237-1460 zeroed.
1401,115.202029,2,0,1507.63916015625,476.0951843261719,1822.8106689453125,1036.4688720703125,1665.2,756.3,yes,surgical-fix: ID2 wrong-reentry-link,re-entry linker / track-stitching wrong match post-departure,Re-entry linker merged ID2 with a new unrelated person after the original ID2 person departed. Frames 1237-1460 zeroed.
1402,115.284258,2,0,1510.220703125,475.654541015625,1812.7584228515625,1023.3452758789062,1661.5,749.5,yes,surgical-fix: ID2 wrong-reentry-link,re-entry linker / track-stitching wrong match post-departure,Re-entry linker merged ID2 with a new unrelated person after the original ID2 person departed. Frames 1237-1460 zeroed.
1403,115.366486,2,0,1509.9300537109375,474.6609802246094,1839.7113037109375,987.9152221679688,1674.8,731.3,yes,surgical-fix: ID2 wrong-reentry-link,re-entry linker / track-stitching wrong match post-departure,Re-entry linker merged ID2 with a new unrelated person after the original ID2 person departed. Frames 1237-1460 zeroed.
1404,115.448715,2,0,1513.8238525390625,474.3733215332031,1828.0601806640625,977.4846801757812,1670.9,725.9,yes,surgical-fix: ID2 wrong-reentry-link,re-entry linker / track-stitching wrong match post-departure,Re-entry linker merged ID2 with a new unrelated person after the original ID2 person departed. Frames 1237-1460 zeroed.
1405,115.530943,2,0,1517.5946044921875,472.1087341308594,1834.1505126953125,978.6712036132812,1675.9,725.4,yes,surgical-fix: ID2 wrong-reentry-link,re-entry linker / track-stitching wrong match post-departure,Re-entry linker merged ID2 with a new unrelated person after the original ID2 person departed. Frames 1237-1460 zeroed.
1406,115.613171,2,0,1524.7894287109375,467.7162780761719,1807.8824462890625,970.10400390625,1666.3,718.9,yes,surgical-fix: ID2 wrong-reentry-link,re-entry linker / track-stitching wrong match post-departure,Re-entry linker merged ID2 with a new unrelated person after the original ID2 person departed. Frames 1237-1460 zeroed.
1407,115.6954,2,0,1532.892578125,465.3020935058594,1796.7037353515625,970.900390625,1664.8,718.1,yes,surgical-fix: ID2 wrong-reentry-link,re-entry linker / track-stitching wrong match post-departure,Re-entry linker merged ID2 with a new unrelated person after the original ID2 person departed. Frames 1237-1460 zeroed.
1408,115.777628,2,0,1539.9158935546875,465.9182434082031,1855.0447998046875,980.478515625,1697.5,723.2,yes,surgical-fix: ID2 wrong-reentry-link,re-entry linker / track-stitching wrong match post-departure,Re-entry linker merged ID2 with a new unrelated person after the original ID2 person departed. Frames 1237-1460 zeroed.
1409,115.859857,2,0,1544.5576171875,462.2608337402344,1841.80859375,973.6185913085938,1693.2,717.9,yes,surgical-fix: ID2 wrong-reentry-link,re-entry linker / track-stitching wrong match post-departure,Re-entry linker merged ID2 with a new unrelated person after the original ID2 person departed. Frames 1237-1460 zeroed.
1410,115.942085,2,0,1554.322265625,464.9040222167969,1849.37109375,987.05859375,1701.8,726.0,yes,surgical-fix: ID2 wrong-reentry-link,re-entry linker / track-stitching wrong match post-departure,Re-entry linker merged ID2 with a new unrelated person after the original ID2 person departed. Frames 1237-1460 zeroed.
1411,116.024314,2,0,1561.24609375,470.3392028808594,1831.8046875,973.0478515625,1696.5,721.7,yes,surgical-fix: ID2 wrong-reentry-link,re-entry linker / track-stitching wrong match post-departure,Re-entry linker merged ID2 with a new unrelated person after the original ID2 person departed. Frames 1237-1460 zeroed.
1412,116.106542,2,0,1580.36376953125,477.9927978515625,1839.48876953125,950.6484375,1709.9,714.3,yes,surgical-fix: ID2 wrong-reentry-link,re-entry linker / track-stitching wrong match post-departure,Re-entry linker merged ID2 with a new unrelated person after the original ID2 person departed. Frames 1237-1460 zeroed.
1413,116.18877,2,0,1619.3125,491.2774353027344,1994.2890625,1081.284912109375,1806.8,786.3,yes,surgical-fix: ID2 wrong-reentry-link,re-entry linker / track-stitching wrong match post-departure,Re-entry linker merged ID2 with a new unrelated person after the original ID2 person departed. Frames 1237-1460 zeroed.
1414,116.270999,2,0,1609.7103271484375,487.0747375488281,1986.9205322265625,1145.47509765625,1798.3,816.3,yes,surgical-fix: ID2 wrong-reentry-link,re-entry linker / track-stitching wrong match post-departure,Re-entry linker merged ID2 with a new unrelated person after the original ID2 person departed. Frames 1237-1460 zeroed.
1415,116.353227,2,0,1627.7713623046875,484.91455078125,1982.6024169921875,1146.0672607421875,1805.2,815.5,yes,surgical-fix: ID2 wrong-reentry-link,re-entry linker / track-stitching wrong match post-departure,Re-entry linker merged ID2 with a new unrelated person after the original ID2 person departed. Frames 1237-1460 zeroed.
1416,116.435456,2,0,1636.3363037109375,492.4347229003906,1999.3734130859375,1095.3258056640625,1817.9,793.9,yes,surgical-fix: ID2 wrong-reentry-link,re-entry linker / track-stitching wrong match post-departure,Re-entry linker merged ID2 with a new unrelated person after the original ID2 person departed. Frames 1237-1460 zeroed.
1417,116.517684,2,0,1642.0582275390625,491.6917724609375,1998.1812744140625,1092.4769287109375,1820.1,792.1,yes,surgical-fix: ID2 wrong-reentry-link,re-entry linker / track-stitching wrong match post-departure,Re-entry linker merged ID2 with a new unrelated person after the original ID2 person departed. Frames 1237-1460 zeroed.
1418,116.599913,2,0,1652.111328125,489.0960693359375,1981.6549072265625,1130.7427978515625,1816.9,809.9,yes,surgical-fix: ID2 wrong-reentry-link,re-entry linker / track-stitching wrong match post-departure,Re-entry linker merged ID2 with a new unrelated person after the original ID2 person departed. Frames 1237-1460 zeroed.
1419,116.682141,2,0,1632.7867431640625,477.7369689941406,1968.6226806640625,1145.47900390625,1800.7,811.6,yes,surgical-fix: ID2 wrong-reentry-link,re-entry linker / track-stitching wrong match post-departure,Re-entry linker merged ID2 with a new unrelated person after the original ID2 person departed. Frames 1237-1460 zeroed.
1420,116.764369,2,0,1623.9449462890625,462.6413269042969,1962.8363037109375,1113.4534912109375,1793.4,788.0,yes,surgical-fix: ID2 wrong-reentry-link,re-entry linker / track-stitching wrong match post-departure,Re-entry linker merged ID2 with a new unrelated person after the original ID2 person departed. Frames 1237-1460 zeroed.
1421,116.846598,2,0,1592.7467041015625,456.7589416503906,1951.7493896484375,1105.5701904296875,1772.2,781.2,yes,surgical-fix: ID2 wrong-reentry-link,re-entry linker / track-stitching wrong match post-departure,Re-entry linker merged ID2 with a new unrelated person after the original ID2 person departed. Frames 1237-1460 zeroed.
1422,116.928826,2,0,1577.177734375,456.4350891113281,1961.5384521484375,1082.0653076171875,1769.4,769.3,yes,surgical-fix: ID2 wrong-reentry-link,re-entry linker / track-stitching wrong match post-departure,Re-entry linker merged ID2 with a new unrelated person after the original ID2 person departed. Frames 1237-1460 zeroed.
1423,117.011055,2,0,1562.10693359375,470.9559326171875,1962.78857421875,1091.92041015625,1762.4,781.4,yes,surgical-fix: ID2 wrong-reentry-link,re-entry linker / track-stitching wrong match post-departure,Re-entry linker merged ID2 with a new unrelated person after the original ID2 person departed. Frames 1237-1460 zeroed.
1424,117.093283,2,0,1514.2203369140625,400.0592346191406,1895.7672119140625,969.7791137695312,1705.0,684.9,yes,surgical-fix: ID2 wrong-reentry-link,re-entry linker / track-stitching wrong match post-departure,Re-entry linker merged ID2 with a new unrelated person after the original ID2 person departed. Frames 1237-1460 zeroed.
1425,117.175512,2,0,1497.7562255859375,382.6190490722656,1800.1109619140625,941.59228515625,1648.9,662.1,yes,surgical-fix: ID2 wrong-reentry-link,re-entry linker / track-stitching wrong match post-departure,Re-entry linker merged ID2 with a new unrelated person after the original ID2 person departed. Frames 1237-1460 zeroed.
1426,117.25774,2,0,1487.1009521484375,377.214111328125,1799.5654296875,949.2919311523438,1643.3,663.3,yes,surgical-fix: ID2 wrong-reentry-link,re-entry linker / track-stitching wrong match post-departure,Re-entry linker merged ID2 with a new unrelated person after the original ID2 person departed. Frames 1237-1460 zeroed.
1427,117.339968,2,0,1471.9554443359375,363.64794921875,1793.2611083984375,930.276611328125,1632.6,647.0,yes,surgical-fix: ID2 wrong-reentry-link,re-entry linker / track-stitching wrong match post-departure,Re-entry linker merged ID2 with a new unrelated person after the original ID2 person departed. Frames 1237-1460 zeroed.
1428,117.422197,2,0,1455.6861572265625,358.4623107910156,1797.478515625,914.8310546875,1626.6,636.6,yes,surgical-fix: ID2 wrong-reentry-link,re-entry linker / track-stitching wrong match post-departure,Re-entry linker merged ID2 with a new unrelated person after the original ID2 person departed. Frames 1237-1460 zeroed.
1429,117.504425,2,0,1454.9136962890625,353.3111877441406,1761.9730224609375,893.9967651367188,1608.4,623.7,yes,surgical-fix: ID2 wrong-reentry-link,re-entry linker / track-stitching wrong match post-departure,Re-entry linker merged ID2 with a new unrelated person after the original ID2 person departed. Frames 1237-1460 zeroed.
1430,117.586654,2,0,1438.8804931640625,331.414306640625,1727.2796630859375,876.2252807617188,1583.1,603.8,yes,surgical-fix: ID2 wrong-reentry-link,re-entry linker / track-stitching wrong match post-departure,Re-entry linker merged ID2 with a new unrelated person after the original ID2 person departed. Frames 1237-1460 zeroed.
1431,117.668882,2,0,1431.8951416015625,314.9454040527344,1712.3763427734375,855.61376953125,1572.1,585.3,yes,surgical-fix: ID2 wrong-reentry-link,re-entry linker / track-stitching wrong match post-departure,Re-entry linker merged ID2 with a new unrelated person after the original ID2 person departed. Frames 1237-1460 zeroed.
1432,117.751111,2,0,1404.326171875,312.028076171875,1708.970703125,851.2939453125,1556.6,581.7,yes,surgical-fix: ID2 wrong-reentry-link,re-entry linker / track-stitching wrong match post-departure,Re-entry linker merged ID2 with a new unrelated person after the original ID2 person departed. Frames 1237-1460 zeroed.
1433,117.833339,2,0,1408.3675537109375,297.4020080566406,1688.3265380859375,844.1668090820312,1548.3,570.8,yes,surgical-fix: ID2 wrong-reentry-link,re-entry linker / track-stitching wrong match post-departure,Re-entry linker merged ID2 with a new unrelated person after the original ID2 person departed. Frames 1237-1460 zeroed.
1434,117.915567,2,0,1405.9443359375,289.674072265625,1674.9310302734375,818.5180053710938,1540.4,554.1,yes,surgical-fix: ID2 wrong-reentry-link,re-entry linker / track-stitching wrong match post-departure,Re-entry linker merged ID2 with a new unrelated person after the original ID2 person departed. Frames 1237-1460 zeroed.
1435,117.997796,2,0,1401.4677734375,288.9551696777344,1691.9730224609375,774.88671875,1546.7,531.9,yes,surgical-fix: ID2 wrong-reentry-link,re-entry linker / track-stitching wrong match post-departure,Re-entry linker merged ID2 with a new unrelated person after the original ID2 person departed. Frames 1237-1460 zeroed.
1436,118.080024,2,0,1383.4041748046875,279.8123474121094,1615.1798095703125,823.6726684570312,1499.3,551.7,yes,surgical-fix: ID2 wrong-reentry-link,re-entry linker / track-stitching wrong match post-departure,Re-entry linker merged ID2 with a new unrelated person after the original ID2 person departed. Frames 1237-1460 zeroed.
1437,118.162253,2,0,1359.5343017578125,268.0830078125,1588.8133544921875,753.7724609375,1474.2,510.9,yes,surgical-fix: ID2 wrong-reentry-link,re-entry linker / track-stitching wrong match post-departure,Re-entry linker merged ID2 with a new unrelated person after the original ID2 person departed. Frames 1237-1460 zeroed.
1438,118.244481,2,0,1340.748046875,260.1690979003906,1607.9833984375,761.4578247070312,1474.4,510.8,yes,surgical-fix: ID2 wrong-reentry-link,re-entry linker / track-stitching wrong match post-departure,Re-entry linker merged ID2 with a new unrelated person after the original ID2 person departed. Frames 1237-1460 zeroed.
1439,118.32671,2,0,1312.001953125,250.4977264404297,1570.1968994140625,738.6259155273438,1441.1,494.6,yes,surgical-fix: ID2 wrong-reentry-link,re-entry linker / track-stitching wrong match post-departure,Re-entry linker merged ID2 with a new unrelated person after the original ID2 person departed. Frames 1237-1460 zeroed.
1440,118.408938,2,0,1289.5703125,246.36265563964844,1547.7470703125,729.7252807617188,1418.7,488.0,yes,surgical-fix: ID2 wrong-reentry-link,re-entry linker / track-stitching wrong match post-departure,Re-entry linker merged ID2 with a new unrelated person after the original ID2 person departed. Frames 1237-1460 zeroed.
1441,118.491166,2,0,1282.6319580078125,244.1327362060547,1534.2457275390625,725.7200317382812,1408.4,484.9,yes,surgical-fix: ID2 wrong-reentry-link,re-entry linker / track-stitching wrong match post-departure,Re-entry linker merged ID2 with a new unrelated person after the original ID2 person departed. Frames 1237-1460 zeroed.
1442,118.573395,2,0,1271.0806884765625,242.0713653564453,1529.9085693359375,729.9252319335938,1400.5,486.0,yes,surgical-fix: ID2 wrong-reentry-link,re-entry linker / track-stitching wrong match post-departure,Re-entry linker merged ID2 with a new unrelated person after the original ID2 person departed. Frames 1237-1460 zeroed.
1443,118.655623,2,0,1270.111083984375,241.0345916748047,1495.1617431640625,727.992919921875,1382.6,484.5,yes,surgical-fix: ID2 wrong-reentry-link,re-entry linker / track-stitching wrong match post-departure,Re-entry linker merged ID2 with a new unrelated person after the original ID2 person departed. Frames 1237-1460 zeroed.
1444,118.737852,2,0,1266.6182861328125,240.042724609375,1493.34228515625,709.9072875976562,1380.0,475.0,yes,surgical-fix: ID2 wrong-reentry-link,re-entry linker / track-stitching wrong match post-departure,Re-entry linker merged ID2 with a new unrelated person after the original ID2 person departed. Frames 1237-1460 zeroed.
1445,118.82008,2,0,1273.0111083984375,238.3141326904297,1488.7314453125,716.6670532226562,1380.9,477.5,yes,surgical-fix: ID2 wrong-reentry-link,re-entry linker / track-stitching wrong match post-departure,Re-entry linker merged ID2 with a new unrelated person after the original ID2 person departed. Frames 1237-1460 zeroed.
1446,118.902309,2,0,1269.6500244140625,235.4049530029297,1453.3031005859375,718.3855590820312,1361.5,476.9,yes,surgical-fix: ID2 wrong-reentry-link,re-entry linker / track-stitching wrong match post-departure,Re-entry linker merged ID2 with a new unrelated person after the original ID2 person departed. Frames 1237-1460 zeroed.
1447,118.984537,2,0,1269.337890625,233.3772735595703,1448.4381103515625,716.853515625,1358.9,475.1,yes,surgical-fix: ID2 wrong-reentry-link,re-entry linker / track-stitching wrong match post-departure,Re-entry linker merged ID2 with a new unrelated person after the original ID2 person departed. Frames 1237-1460 zeroed.
1448,119.066765,2,0,1255.1502685546875,231.9696502685547,1445.7584228515625,695.7849731445312,1350.5,463.9,yes,surgical-fix: ID2 wrong-reentry-link,re-entry linker / track-stitching wrong match post-departure,Re-entry linker merged ID2 with a new unrelated person after the original ID2 person departed. Frames 1237-1460 zeroed.
1449,119.148994,2,0,1224.1324462890625,245.0538787841797,1404.72900390625,686.22509765625,1314.4,465.6,yes,surgical-fix: ID2 wrong-reentry-link,re-entry linker / track-stitching wrong match post-departure,Re-entry linker merged ID2 with a new unrelated person after the original ID2 person departed. Frames 1237-1460 zeroed.
1450,119.231222,2,0,1114.61083984375,250.6508026123047,1394.8297119140625,724.4490356445312,1254.7,487.5,yes,surgical-fix: ID2 wrong-reentry-link,re-entry linker / track-stitching wrong match post-departure,Re-entry linker merged ID2 with a new unrelated person after the original ID2 person departed. Frames 1237-1460 zeroed.
1451,119.313451,2,0,1122.0673828125,235.2068634033203,1367.0908203125,755.9432983398438,1244.6,495.6,yes,surgical-fix: ID2 wrong-reentry-link,re-entry linker / track-stitching wrong match post-departure,Re-entry linker merged ID2 with a new unrelated person after the original ID2 person departed. Frames 1237-1460 zeroed.
1452,119.395679,2,0,1132.3348388671875,230.654541015625,1361.244384765625,731.04150390625,1246.8,480.8,yes,surgical-fix: ID2 wrong-reentry-link,re-entry linker / track-stitching wrong match post-departure,Re-entry linker merged ID2 with a new unrelated person after the original ID2 person departed. Frames 1237-1460 zeroed.
1453,119.477908,2,0,1127.1956787109375,229.593017578125,1376.9967041015625,730.70703125,1252.1,480.2,yes,surgical-fix: ID2 wrong-reentry-link,re-entry linker / track-stitching wrong match post-departure,Re-entry linker merged ID2 with a new unrelated person after the original ID2 person departed. Frames 1237-1460 zeroed.
1454,119.560136,2,0,1114.4420166015625,235.2753143310547,1325.7464599609375,716.9440307617188,1220.1,476.1,yes,surgical-fix: ID2 wrong-reentry-link,re-entry linker / track-stitching wrong match post-departure,Re-entry linker merged ID2 with a new unrelated person after the original ID2 person departed. Frames 1237-1460 zeroed.
1455,119.642364,2,0,1083.0286865234375,241.2203826904297,1322.6158447265625,739.1461791992188,1202.8,490.2,yes,surgical-fix: ID2 wrong-reentry-link,re-entry linker / track-stitching wrong match post-departure,Re-entry linker merged ID2 with a new unrelated person after the original ID2 person departed. Frames 1237-1460 zeroed.
1456,119.724593,2,0,1033.5791015625,240.9435882568359,1294.919921875,682.3949584960938,1164.2,461.7,yes,surgical-fix: ID2 wrong-reentry-link,re-entry linker / track-stitching wrong match post-departure,Re-entry linker merged ID2 with a new unrelated person after the original ID2 person departed. Frames 1237-1460 zeroed.
1457,119.806821,2,0,965.2536010742188,242.83509826660156,1250.9345703125,651.4513549804688,1108.1,447.1,yes,surgical-fix: ID2 wrong-reentry-link,re-entry linker / track-stitching wrong match post-departure,Re-entry linker merged ID2 with a new unrelated person after the original ID2 person departed. Frames 1237-1460 zeroed.
1458,119.88905,2,0,924.4020385742188,240.14405822753903,1234.453125,618.9025268554688,1079.4,429.5,yes,surgical-fix: ID2 wrong-reentry-link,re-entry linker / track-stitching wrong match post-departure,Re-entry linker merged ID2 with a new unrelated person after the original ID2 person departed. Frames 1237-1460 zeroed.
1459,119.971278,2,0,907.2420043945312,238.09510803222656,1216.2808837890625,617.1914672851562,1061.8,427.6,yes,surgical-fix: ID2 wrong-reentry-link,re-entry linker / track-stitching wrong match post-departure,Re-entry linker merged ID2 with a new unrelated person after the original ID2 person departed. Frames 1237-1460 zeroed.
1460,120.053507,2,0,898.5408325195312,227.661376953125,1123.1470947265625,631.6797485351562,1010.8,429.7,yes,surgical-fix: ID2 wrong-reentry-link,re-entry linker / track-stitching wrong match post-departure,Re-entry linker merged ID2 with a new unrelated person after the original ID2 person departed. Frames 1237-1460 zeroed.
