frame_idx,person_id,x1,y1,x2,y2,visibility,ignore,notes
0,1,405,250,660,1030,1.0,0,window_00_draft_left_black_shirt_VERIFY
0,2,840,160,1165,910,1.0,0,window_00_draft_white_hijab_centre_VERIFY
0,3,850,555,1275,1285,0.5,0,window_00_draft_grey_bent_customer_centre_VERIFY
0,4,1490,275,1855,1085,1.0,0,window_00_draft_brown_hijab_right_VERIFY
0,5,1850,305,2185,1125,0.5,0,window_00_draft_right_black_shirt_partial_VERIFY
1,1,404,250,659,1030,1.0,0,window_00_draft_left_black_shirt_VERIFY
1,2,840,160,1165,910,1.0,0,window_00_draft_white_hijab_centre_VERIFY
1,3,852,555,1277,1285,0.5,0,window_00_draft_grey_bent_customer_centre_VERIFY
1,4,1491,275,1856,1085,1.0,0,window_00_draft_brown_hijab_right_VERIFY
1,5,1850,305,2185,1125,0.5,0,window_00_draft_right_black_shirt_partial_VERIFY
2,1,404,251,659,1031,1.0,0,window_00_draft_left_black_shirt_VERIFY
2,2,841,160,1166,910,1.0,0,window_00_draft_white_hijab_centre_VERIFY
2,3,854,555,1279,1285,0.5,0,window_00_draft_grey_bent_customer_centre_VERIFY
2,4,1492,275,1857,1085,1.0,0,window_00_draft_brown_hijab_right_VERIFY
2,5,1851,306,2186,1126,0.5,0,window_00_draft_right_black_shirt_partial_VERIFY
3,1,403,251,658,1031,1.0,0,window_00_draft_left_black_shirt_VERIFY
3,2,841,160,1166,910,1.0,0,window_00_draft_white_hijab_centre_VERIFY
3,3,856,554,1281,1284,0.5,0,window_00_draft_grey_bent_customer_centre_VERIFY
3,4,1493,276,1858,1086,1.0,0,window_00_draft_brown_hijab_right_VERIFY
3,5,1851,306,2186,1126,0.5,0,window_00_draft_right_black_shirt_partial_VERIFY
4,1,402,251,657,1031,1.0,0,window_00_draft_left_black_shirt_VERIFY
4,2,841,160,1166,910,1.0,0,window_00_draft_white_hijab_centre_VERIFY
4,3,858,554,1283,1284,0.5,0,window_00_draft_grey_bent_customer_centre_VERIFY
4,4,1494,276,1859,1086,1.0,0,window_00_draft_brown_hijab_right_VERIFY
4,5,1851,306,2186,1126,0.5,0,window_00_draft_right_black_shirt_partial_VERIFY
5,1,402,251,657,1031,1.0,0,window_00_draft_left_black_shirt_VERIFY
5,2,841,160,1166,910,1.0,0,window_00_draft_white_hijab_centre_VERIFY
5,3,860,554,1285,1284,0.5,0,window_00_draft_grey_bent_customer_centre_VERIFY
5,4,1495,276,1860,1086,1.0,0,window_00_draft_brown_hijab_right_VERIFY
5,5,1852,306,2187,1126,0.5,0,window_00_draft_right_black_shirt_partial_VERIFY
6,1,401,252,656,1032,1.0,0,window_00_draft_left_black_shirt_VERIFY
6,2,842,160,1167,910,1.0,0,window_00_draft_white_hijab_centre_VERIFY
6,3,862,554,1287,1284,0.5,0,window_00_draft_grey_bent_customer_centre_VERIFY
6,4,1496,276,1861,1086,1.0,0,window_00_draft_brown_hijab_right_VERIFY
6,5,1852,307,2187,1127,0.5,0,window_00_draft_right_black_shirt_partial_VERIFY
7,1,400,252,655,1032,1.0,0,window_00_draft_left_black_shirt_VERIFY
7,2,842,160,1167,910,1.0,0,window_00_draft_white_hijab_centre_VERIFY
7,3,864,554,1289,1284,0.5,0,window_00_draft_grey_bent_customer_centre_VERIFY
7,4,1497,276,1862,1086,1.0,0,window_00_draft_brown_hijab_right_VERIFY
7,5,1852,307,2187,1127,0.5,0,window_00_draft_right_black_shirt_partial_VERIFY
8,1,399,252,654,1032,1.0,0,window_00_draft_left_black_shirt_VERIFY
8,2,842,160,1167,910,1.0,0,window_00_draft_white_hijab_centre_VERIFY
8,3,867,554,1292,1284,0.5,0,window_00_draft_grey_bent_customer_centre_VERIFY
8,4,1498,276,1863,1086,1.0,0,window_00_draft_brown_hijab_right_VERIFY
8,5,1853,307,2188,1127,0.5,0,window_00_draft_right_black_shirt_partial_VERIFY
9,1,399,252,654,1032,1.0,0,window_00_draft_left_black_shirt_VERIFY
9,2,842,160,1167,910,1.0,0,window_00_draft_white_hijab_centre_VERIFY
9,3,869,553,1294,1283,0.5,0,window_00_draft_grey_bent_customer_centre_VERIFY
9,4,1499,277,1864,1087,1.0,0,window_00_draft_brown_hijab_right_VERIFY
9,5,1853,307,2188,1127,0.5,0,window_00_draft_right_black_shirt_partial_VERIFY
10,1,398,253,653,1033,1.0,0,window_00_draft_left_black_shirt_VERIFY
10,2,843,160,1168,910,1.0,0,window_00_draft_white_hijab_centre_VERIFY
10,3,871,553,1296,1283,0.5,0,window_00_draft_grey_bent_customer_centre_VERIFY
10,4,1500,277,1865,1087,1.0,0,window_00_draft_brown_hijab_right_VERIFY
10,5,1853,308,2188,1128,0.5,0,window_00_draft_right_black_shirt_partial_VERIFY
11,1,397,253,652,1033,1.0,0,window_00_draft_left_black_shirt_VERIFY
11,2,843,160,1168,910,1.0,0,window_00_draft_white_hijab_centre_VERIFY
11,3,873,553,1298,1283,0.5,0,window_00_draft_grey_bent_customer_centre_VERIFY
11,4,1501,277,1866,1087,1.0,0,window_00_draft_brown_hijab_right_VERIFY
11,5,1854,308,2189,1128,0.5,0,window_00_draft_right_black_shirt_partial_VERIFY
12,1,397,253,652,1033,1.0,0,window_00_draft_left_black_shirt_VERIFY
12,2,843,160,1168,910,1.0,0,window_00_draft_white_hijab_centre_VERIFY
12,3,875,553,1300,1283,0.5,0,window_00_draft_grey_bent_customer_centre_VERIFY
12,4,1502,277,1867,1087,1.0,0,window_00_draft_brown_hijab_right_VERIFY
12,5,1854,308,2189,1128,0.5,0,window_00_draft_right_black_shirt_partial_VERIFY
13,1,396,254,651,1034,1.0,0,window_00_draft_left_black_shirt_VERIFY
13,2,844,160,1169,910,1.0,0,window_00_draft_white_hijab_centre_VERIFY
13,3,877,553,1302,1283,0.5,0,window_00_draft_grey_bent_customer_centre_VERIFY
13,4,1503,277,1868,1087,1.0,0,window_00_draft_brown_hijab_right_VERIFY
13,5,1854,309,2189,1129,0.5,0,window_00_draft_right_black_shirt_partial_VERIFY
14,1,395,254,650,1034,1.0,0,window_00_draft_left_black_shirt_VERIFY
14,2,844,160,1169,910,1.0,0,window_00_draft_white_hijab_centre_VERIFY
14,3,879,553,1304,1283,0.5,0,window_00_draft_grey_bent_customer_centre_VERIFY
14,4,1504,277,1869,1087,1.0,0,window_00_draft_brown_hijab_right_VERIFY
14,5,1855,309,2190,1129,0.5,0,window_00_draft_right_black_shirt_partial_VERIFY
15,1,395,254,650,1034,1.0,0,window_00_draft_left_black_shirt_VERIFY
15,2,844,160,1169,910,1.0,0,window_00_draft_white_hijab_centre_VERIFY
15,3,881,552,1306,1282,0.5,0,window_00_draft_grey_bent_customer_centre_VERIFY
15,4,1506,278,1871,1088,1.0,0,window_00_draft_brown_hijab_right_VERIFY
15,5,1855,309,2190,1129,0.5,0,window_00_draft_right_black_shirt_partial_VERIFY
16,1,394,254,649,1034,1.0,0,window_00_draft_left_black_shirt_VERIFY
16,2,844,160,1169,910,1.0,0,window_00_draft_white_hijab_centre_VERIFY
16,3,883,552,1308,1282,0.5,0,window_00_draft_grey_bent_customer_centre_VERIFY
16,4,1507,278,1872,1088,1.0,0,window_00_draft_brown_hijab_right_VERIFY
16,5,1856,309,2191,1129,0.5,0,window_00_draft_right_black_shirt_partial_VERIFY
17,1,393,255,648,1035,1.0,0,window_00_draft_left_black_shirt_VERIFY
17,2,845,160,1170,910,1.0,0,window_00_draft_white_hijab_centre_VERIFY
17,3,885,552,1310,1282,0.5,0,window_00_draft_grey_bent_customer_centre_VERIFY
17,4,1508,278,1873,1088,1.0,0,window_00_draft_brown_hijab_right_VERIFY
17,5,1856,310,2191,1130,0.5,0,window_00_draft_right_black_shirt_partial_VERIFY
18,1,393,255,648,1035,1.0,0,window_00_draft_left_black_shirt_VERIFY
18,2,845,160,1170,910,1.0,0,window_00_draft_white_hijab_centre_VERIFY
18,3,887,552,1312,1282,0.5,0,window_00_draft_grey_bent_customer_centre_VERIFY
18,4,1509,278,1874,1088,1.0,0,window_00_draft_brown_hijab_right_VERIFY
18,5,1856,310,2191,1130,0.5,0,window_00_draft_right_black_shirt_partial_VERIFY
19,1,392,255,647,1035,1.0,0,window_00_draft_left_black_shirt_VERIFY
19,2,845,160,1170,910,1.0,0,window_00_draft_white_hijab_centre_VERIFY
19,3,889,552,1314,1282,0.5,0,window_00_draft_grey_bent_customer_centre_VERIFY
19,4,1510,278,1875,1088,1.0,0,window_00_draft_brown_hijab_right_VERIFY
19,5,1857,310,2192,1130,0.5,0,window_00_draft_right_black_shirt_partial_VERIFY
20,1,391,256,646,1036,1.0,0,window_00_draft_left_black_shirt_VERIFY
20,2,846,160,1171,910,1.0,0,window_00_draft_white_hijab_centre_VERIFY
20,3,891,552,1316,1282,0.5,0,window_00_draft_grey_bent_customer_centre_VERIFY
20,4,1511,278,1876,1088,1.0,0,window_00_draft_brown_hijab_right_VERIFY
20,5,1857,311,2192,1131,0.5,0,window_00_draft_right_black_shirt_partial_VERIFY
21,1,391,256,646,1036,1.0,0,window_00_draft_left_black_shirt_VERIFY
21,2,846,160,1171,910,1.0,0,window_00_draft_white_hijab_centre_VERIFY
21,3,893,551,1318,1281,0.5,0,window_00_draft_grey_bent_customer_centre_VERIFY
21,4,1512,279,1877,1089,1.0,0,window_00_draft_brown_hijab_right_VERIFY
21,5,1857,311,2192,1131,0.5,0,window_00_draft_right_black_shirt_partial_VERIFY
22,1,390,256,645,1036,1.0,0,window_00_draft_left_black_shirt_VERIFY
22,2,846,160,1171,910,1.0,0,window_00_draft_white_hijab_centre_VERIFY
22,3,896,551,1321,1281,0.5,0,window_00_draft_grey_bent_customer_centre_VERIFY
22,4,1513,279,1878,1089,1.0,0,window_00_draft_brown_hijab_right_VERIFY
22,5,1858,311,2193,1131,0.5,0,window_00_draft_right_black_shirt_partial_VERIFY
23,1,389,256,644,1036,1.0,0,window_00_draft_left_black_shirt_VERIFY
23,2,846,160,1171,910,1.0,0,window_00_draft_white_hijab_centre_VERIFY
23,3,898,551,1323,1281,0.5,0,window_00_draft_grey_bent_customer_centre_VERIFY
23,4,1514,279,1879,1089,1.0,0,window_00_draft_brown_hijab_right_VERIFY
23,5,1858,311,2193,1131,0.5,0,window_00_draft_right_black_shirt_partial_VERIFY
24,1,388,257,643,1037,1.0,0,window_00_draft_left_black_shirt_VERIFY
24,2,847,160,1172,910,1.0,0,window_00_draft_white_hijab_centre_VERIFY
24,3,900,551,1325,1281,0.5,0,window_00_draft_grey_bent_customer_centre_VERIFY
24,4,1515,279,1880,1089,1.0,0,window_00_draft_brown_hijab_right_VERIFY
24,5,1858,312,2193,1132,0.5,0,window_00_draft_right_black_shirt_partial_VERIFY
25,1,388,257,643,1037,1.0,0,window_00_draft_left_black_shirt_VERIFY
25,2,847,160,1172,910,1.0,0,window_00_draft_white_hijab_centre_VERIFY
25,3,902,551,1327,1281,0.5,0,window_00_draft_grey_bent_customer_centre_VERIFY
25,4,1516,279,1881,1089,1.0,0,window_00_draft_brown_hijab_right_VERIFY
25,5,1859,312,2194,1132,0.5,0,window_00_draft_right_black_shirt_partial_VERIFY
26,1,387,257,642,1037,1.0,0,window_00_draft_left_black_shirt_VERIFY
26,2,847,160,1172,910,1.0,0,window_00_draft_white_hijab_centre_VERIFY
26,3,904,551,1329,1281,0.5,0,window_00_draft_grey_bent_customer_centre_VERIFY
26,4,1517,279,1882,1089,1.0,0,window_00_draft_brown_hijab_right_VERIFY
26,5,1859,312,2194,1132,0.5,0,window_00_draft_right_black_shirt_partial_VERIFY
27,1,386,257,641,1037,1.0,0,window_00_draft_left_black_shirt_VERIFY
27,2,847,160,1172,910,1.0,0,window_00_draft_white_hijab_centre_VERIFY
27,3,906,550,1331,1280,0.5,0,window_00_draft_grey_bent_customer_centre_VERIFY
27,4,1518,280,1883,1090,1.0,0,window_00_draft_brown_hijab_right_VERIFY
27,5,1859,312,2194,1132,0.5,0,window_00_draft_right_black_shirt_partial_VERIFY
28,1,386,258,641,1038,1.0,0,window_00_draft_left_black_shirt_VERIFY
28,2,848,160,1173,910,1.0,0,window_00_draft_white_hijab_centre_VERIFY
28,3,908,550,1333,1280,0.5,0,window_00_draft_grey_bent_customer_centre_VERIFY
28,4,1519,280,1884,1090,1.0,0,window_00_draft_brown_hijab_right_VERIFY
28,5,1860,313,2195,1133,0.5,0,window_00_draft_right_black_shirt_partial_VERIFY
29,1,385,258,640,1038,1.0,0,window_00_draft_left_black_shirt_VERIFY
29,2,848,160,1173,910,1.0,0,window_00_draft_white_hijab_centre_VERIFY
29,3,910,550,1335,1280,0.5,0,window_00_draft_grey_bent_customer_centre_VERIFY
29,4,1520,280,1885,1090,1.0,0,window_00_draft_brown_hijab_right_VERIFY
29,5,1860,313,2195,1133,0.5,0,window_00_draft_right_black_shirt_partial_VERIFY
180,1,360,160,585,850,1.0,0,window_01_draft_left_black_shirt_VERIFY
180,2,770,165,1015,865,1.0,0,window_01_draft_white_hijab_left_centre_VERIFY
180,3,980,420,1285,1045,0.5,0,window_01_draft_dark_green_customer_centre_VERIFY
180,4,1365,260,1665,1020,0.5,0,window_01_draft_right_customer_partial_VERIFY
181,1,358,160,583,850,1.0,0,window_01_draft_left_black_shirt_VERIFY
181,2,772,165,1017,865,1.0,0,window_01_draft_white_hijab_left_centre_VERIFY
181,3,982,420,1287,1045,0.5,0,window_01_draft_dark_green_customer_centre_VERIFY
181,4,1367,260,1667,1020,0.5,0,window_01_draft_right_customer_partial_VERIFY
182,1,356,160,581,850,1.0,0,window_01_draft_left_black_shirt_VERIFY
182,2,774,165,1019,865,1.0,0,window_01_draft_white_hijab_left_centre_VERIFY
182,3,984,420,1289,1045,0.5,0,window_01_draft_dark_green_customer_centre_VERIFY
182,4,1369,260,1669,1020,0.5,0,window_01_draft_right_customer_partial_VERIFY
183,1,354,160,579,850,1.0,0,window_01_draft_left_black_shirt_VERIFY
183,2,776,165,1021,865,1.0,0,window_01_draft_white_hijab_left_centre_VERIFY
183,3,986,420,1291,1045,0.5,0,window_01_draft_dark_green_customer_centre_VERIFY
183,4,1371,260,1671,1020,0.5,0,window_01_draft_right_customer_partial_VERIFY
184,1,352,160,577,850,1.0,0,window_01_draft_left_black_shirt_VERIFY
184,2,778,165,1023,865,1.0,0,window_01_draft_white_hijab_left_centre_VERIFY
184,3,988,420,1293,1045,0.5,0,window_01_draft_dark_green_customer_centre_VERIFY
184,4,1373,260,1673,1020,0.5,0,window_01_draft_right_customer_partial_VERIFY
185,1,350,160,575,850,1.0,0,window_01_draft_left_black_shirt_VERIFY
185,2,780,165,1025,865,1.0,0,window_01_draft_white_hijab_left_centre_VERIFY
185,3,990,420,1295,1045,0.5,0,window_01_draft_dark_green_customer_centre_VERIFY
185,4,1375,260,1675,1020,0.5,0,window_01_draft_right_customer_partial_VERIFY
186,1,348,160,573,850,1.0,0,window_01_draft_left_black_shirt_VERIFY
186,2,782,165,1027,865,1.0,0,window_01_draft_white_hijab_left_centre_VERIFY
186,3,992,420,1297,1045,0.5,0,window_01_draft_dark_green_customer_centre_VERIFY
186,4,1377,260,1677,1020,0.5,0,window_01_draft_right_customer_partial_VERIFY
187,1,346,160,571,850,1.0,0,window_01_draft_left_black_shirt_VERIFY
187,2,784,165,1029,865,1.0,0,window_01_draft_white_hijab_left_centre_VERIFY
187,3,994,420,1299,1045,0.5,0,window_01_draft_dark_green_customer_centre_VERIFY
187,4,1379,260,1679,1020,0.5,0,window_01_draft_right_customer_partial_VERIFY
188,1,344,160,569,850,1.0,0,window_01_draft_left_black_shirt_VERIFY
188,2,786,165,1031,865,1.0,0,window_01_draft_white_hijab_left_centre_VERIFY
188,3,996,420,1301,1045,0.5,0,window_01_draft_dark_green_customer_centre_VERIFY
188,4,1381,260,1681,1020,0.5,0,window_01_draft_right_customer_partial_VERIFY
189,1,342,160,567,850,1.0,0,window_01_draft_left_black_shirt_VERIFY
189,2,788,165,1033,865,1.0,0,window_01_draft_white_hijab_left_centre_VERIFY
189,3,998,420,1303,1045,0.5,0,window_01_draft_dark_green_customer_centre_VERIFY
189,4,1383,260,1683,1020,0.5,0,window_01_draft_right_customer_partial_VERIFY
190,1,340,160,565,850,1.0,0,window_01_draft_left_black_shirt_VERIFY
190,2,790,165,1035,865,1.0,0,window_01_draft_white_hijab_left_centre_VERIFY
190,3,1000,420,1305,1045,0.5,0,window_01_draft_dark_green_customer_centre_VERIFY
190,4,1385,260,1685,1020,0.5,0,window_01_draft_right_customer_partial_VERIFY
191,1,338,160,563,850,1.0,0,window_01_draft_left_black_shirt_VERIFY
191,2,792,165,1037,865,1.0,0,window_01_draft_white_hijab_left_centre_VERIFY
191,3,1002,420,1307,1045,0.5,0,window_01_draft_dark_green_customer_centre_VERIFY
191,4,1387,260,1687,1020,0.5,0,window_01_draft_right_customer_partial_VERIFY
192,1,336,160,561,850,1.0,0,window_01_draft_left_black_shirt_VERIFY
192,2,794,165,1039,865,1.0,0,window_01_draft_white_hijab_left_centre_VERIFY
192,3,1004,420,1309,1045,0.5,0,window_01_draft_dark_green_customer_centre_VERIFY
192,4,1389,260,1689,1020,0.5,0,window_01_draft_right_customer_partial_VERIFY
193,1,334,160,559,850,1.0,0,window_01_draft_left_black_shirt_VERIFY
193,2,796,165,1041,865,1.0,0,window_01_draft_white_hijab_left_centre_VERIFY
193,3,1006,420,1311,1045,0.5,0,window_01_draft_dark_green_customer_centre_VERIFY
193,4,1391,260,1691,1020,0.5,0,window_01_draft_right_customer_partial_VERIFY
194,1,332,160,557,850,1.0,0,window_01_draft_left_black_shirt_VERIFY
194,2,798,165,1043,865,1.0,0,window_01_draft_white_hijab_left_centre_VERIFY
194,3,1008,420,1313,1045,0.5,0,window_01_draft_dark_green_customer_centre_VERIFY
194,4,1393,260,1693,1020,0.5,0,window_01_draft_right_customer_partial_VERIFY
195,1,330,160,555,850,1.0,0,window_01_draft_left_black_shirt_VERIFY
195,2,800,165,1045,865,1.0,0,window_01_draft_white_hijab_left_centre_VERIFY
195,3,1010,420,1315,1045,0.5,0,window_01_draft_dark_green_customer_centre_VERIFY
195,4,1395,260,1695,1020,0.5,0,window_01_draft_right_customer_partial_VERIFY
196,1,328,160,553,850,1.0,0,window_01_draft_left_black_shirt_VERIFY
196,2,802,165,1047,865,1.0,0,window_01_draft_white_hijab_left_centre_VERIFY
196,3,1012,420,1317,1045,0.5,0,window_01_draft_dark_green_customer_centre_VERIFY
196,4,1397,260,1697,1020,0.5,0,window_01_draft_right_customer_partial_VERIFY
197,1,326,160,551,850,1.0,0,window_01_draft_left_black_shirt_VERIFY
197,2,804,165,1049,865,1.0,0,window_01_draft_white_hijab_left_centre_VERIFY
197,3,1014,420,1319,1045,0.5,0,window_01_draft_dark_green_customer_centre_VERIFY
197,4,1399,260,1699,1020,0.5,0,window_01_draft_right_customer_partial_VERIFY
198,1,324,160,549,850,1.0,0,window_01_draft_left_black_shirt_VERIFY
198,2,806,165,1051,865,1.0,0,window_01_draft_white_hijab_left_centre_VERIFY
198,3,1016,420,1321,1045,0.5,0,window_01_draft_dark_green_customer_centre_VERIFY
198,4,1401,260,1701,1020,0.5,0,window_01_draft_right_customer_partial_VERIFY
199,1,322,160,547,850,1.0,0,window_01_draft_left_black_shirt_VERIFY
199,2,808,165,1053,865,1.0,0,window_01_draft_white_hijab_left_centre_VERIFY
199,3,1018,420,1323,1045,0.5,0,window_01_draft_dark_green_customer_centre_VERIFY
199,4,1403,260,1703,1020,0.5,0,window_01_draft_right_customer_partial_VERIFY
200,1,320,160,545,850,1.0,0,window_01_draft_left_black_shirt_VERIFY
200,2,810,165,1055,865,1.0,0,window_01_draft_white_hijab_left_centre_VERIFY
200,3,1020,420,1325,1045,0.5,0,window_01_draft_dark_green_customer_centre_VERIFY
200,4,1405,260,1705,1020,0.5,0,window_01_draft_right_customer_partial_VERIFY
201,1,318,160,543,850,1.0,0,window_01_draft_left_black_shirt_VERIFY
201,2,812,165,1057,865,1.0,0,window_01_draft_white_hijab_left_centre_VERIFY
201,3,1022,420,1327,1045,0.5,0,window_01_draft_dark_green_customer_centre_VERIFY
201,4,1407,260,1707,1020,0.5,0,window_01_draft_right_customer_partial_VERIFY
202,1,316,160,541,850,1.0,0,window_01_draft_left_black_shirt_VERIFY
202,2,814,165,1059,865,1.0,0,window_01_draft_white_hijab_left_centre_VERIFY
202,3,1024,420,1329,1045,0.5,0,window_01_draft_dark_green_customer_centre_VERIFY
202,4,1409,260,1709,1020,0.5,0,window_01_draft_right_customer_partial_VERIFY
203,1,314,160,539,850,1.0,0,window_01_draft_left_black_shirt_VERIFY
203,2,816,165,1061,865,1.0,0,window_01_draft_white_hijab_left_centre_VERIFY
203,3,1026,420,1331,1045,0.5,0,window_01_draft_dark_green_customer_centre_VERIFY
203,4,1411,260,1711,1020,0.5,0,window_01_draft_right_customer_partial_VERIFY
204,1,312,160,537,850,1.0,0,window_01_draft_left_black_shirt_VERIFY
204,2,818,165,1063,865,1.0,0,window_01_draft_white_hijab_left_centre_VERIFY
204,3,1028,420,1333,1045,0.5,0,window_01_draft_dark_green_customer_centre_VERIFY
204,4,1413,260,1713,1020,0.5,0,window_01_draft_right_customer_partial_VERIFY
205,1,310,160,535,850,1.0,0,window_01_draft_left_black_shirt_VERIFY
205,2,820,165,1065,865,1.0,0,window_01_draft_white_hijab_left_centre_VERIFY
205,3,1030,420,1335,1045,0.5,0,window_01_draft_dark_green_customer_centre_VERIFY
205,4,1415,260,1715,1020,0.5,0,window_01_draft_right_customer_partial_VERIFY
206,1,308,160,533,850,1.0,0,window_01_draft_left_black_shirt_VERIFY
206,2,822,165,1067,865,1.0,0,window_01_draft_white_hijab_left_centre_VERIFY
206,3,1032,420,1337,1045,0.5,0,window_01_draft_dark_green_customer_centre_VERIFY
206,4,1417,260,1717,1020,0.5,0,window_01_draft_right_customer_partial_VERIFY
207,1,306,160,531,850,1.0,0,window_01_draft_left_black_shirt_VERIFY
207,2,824,165,1069,865,1.0,0,window_01_draft_white_hijab_left_centre_VERIFY
207,3,1034,420,1339,1045,0.5,0,window_01_draft_dark_green_customer_centre_VERIFY
207,4,1419,260,1719,1020,0.5,0,window_01_draft_right_customer_partial_VERIFY
208,1,304,160,529,850,1.0,0,window_01_draft_left_black_shirt_VERIFY
208,2,826,165,1071,865,1.0,0,window_01_draft_white_hijab_left_centre_VERIFY
208,3,1036,420,1341,1045,0.5,0,window_01_draft_dark_green_customer_centre_VERIFY
208,4,1421,260,1721,1020,0.5,0,window_01_draft_right_customer_partial_VERIFY
209,1,302,160,527,850,1.0,0,window_01_draft_left_black_shirt_VERIFY
209,2,828,165,1073,865,1.0,0,window_01_draft_white_hijab_left_centre_VERIFY
209,3,1038,420,1343,1045,0.5,0,window_01_draft_dark_green_customer_centre_VERIFY
209,4,1423,260,1723,1020,0.5,0,window_01_draft_right_customer_partial_VERIFY
720,401,300,175,535,930,1.0,0,window_04_draft_left_white_hijab_VERIFY
720,402,720,270,1020,980,0.5,0,window_04_draft_green_bent_customer_centre_VERIFY
720,403,1345,250,1665,1045,0.5,0,window_04_draft_brown_customer_right_VERIFY
720,404,840,145,1165,620,0.5,0,window_04_draft_pink_occluded_customer_VERIFY
721,401,299,175,534,930,1.0,0,window_04_draft_left_white_hijab_VERIFY
721,402,722,270,1022,980,0.5,0,window_04_draft_green_bent_customer_centre_VERIFY
721,403,1346,250,1666,1045,0.5,0,window_04_draft_brown_customer_right_VERIFY
721,404,840,145,1166,620,0.5,0,window_04_draft_pink_occluded_customer_VERIFY
722,401,298,175,533,930,1.0,0,window_04_draft_left_white_hijab_VERIFY
722,402,723,271,1023,981,0.5,0,window_04_draft_green_bent_customer_centre_VERIFY
722,403,1347,250,1667,1045,0.5,0,window_04_draft_brown_customer_right_VERIFY
722,404,841,145,1166,620,0.5,0,window_04_draft_pink_occluded_customer_VERIFY
723,401,297,175,532,930,1.0,0,window_04_draft_left_white_hijab_VERIFY
723,402,724,272,1024,982,0.5,0,window_04_draft_green_bent_customer_centre_VERIFY
723,403,1348,251,1668,1046,0.5,0,window_04_draft_brown_customer_right_VERIFY
723,404,842,145,1166,620,0.5,0,window_04_draft_pink_occluded_customer_VERIFY
724,401,296,175,531,930,1.0,0,window_04_draft_left_white_hijab_VERIFY
724,402,726,272,1026,982,0.5,0,window_04_draft_green_bent_customer_centre_VERIFY
724,403,1349,251,1669,1046,0.5,0,window_04_draft_brown_customer_right_VERIFY
724,404,842,145,1167,620,0.5,0,window_04_draft_pink_occluded_customer_VERIFY
725,401,295,175,530,930,1.0,0,window_04_draft_left_white_hijab_VERIFY
725,402,728,272,1028,982,0.5,0,window_04_draft_green_bent_customer_centre_VERIFY
725,403,1350,251,1670,1046,0.5,0,window_04_draft_brown_customer_right_VERIFY
725,404,842,145,1168,620,0.5,0,window_04_draft_pink_occluded_customer_VERIFY
726,401,294,175,529,930,1.0,0,window_04_draft_left_white_hijab_VERIFY
726,402,729,273,1029,983,0.5,0,window_04_draft_green_bent_customer_centre_VERIFY
726,403,1351,251,1671,1046,0.5,0,window_04_draft_brown_customer_right_VERIFY
726,404,843,145,1168,620,0.5,0,window_04_draft_pink_occluded_customer_VERIFY
727,401,293,175,528,930,1.0,0,window_04_draft_left_white_hijab_VERIFY
727,402,730,274,1030,984,0.5,0,window_04_draft_green_bent_customer_centre_VERIFY
727,403,1352,251,1672,1046,0.5,0,window_04_draft_brown_customer_right_VERIFY
727,404,844,145,1168,620,0.5,0,window_04_draft_pink_occluded_customer_VERIFY
728,401,292,175,527,930,1.0,0,window_04_draft_left_white_hijab_VERIFY
728,402,732,274,1032,984,0.5,0,window_04_draft_green_bent_customer_centre_VERIFY
728,403,1353,252,1673,1047,0.5,0,window_04_draft_brown_customer_right_VERIFY
728,404,844,145,1169,620,0.5,0,window_04_draft_pink_occluded_customer_VERIFY
729,401,291,175,526,930,1.0,0,window_04_draft_left_white_hijab_VERIFY
729,402,734,274,1034,984,0.5,0,window_04_draft_green_bent_customer_centre_VERIFY
729,403,1354,252,1674,1047,0.5,0,window_04_draft_brown_customer_right_VERIFY
729,404,844,145,1170,620,0.5,0,window_04_draft_pink_occluded_customer_VERIFY
730,401,290,175,525,930,1.0,0,window_04_draft_left_white_hijab_VERIFY
730,402,735,275,1035,985,0.5,0,window_04_draft_green_bent_customer_centre_VERIFY
730,403,1355,252,1675,1047,0.5,0,window_04_draft_brown_customer_right_VERIFY
730,404,845,145,1170,620,0.5,0,window_04_draft_pink_occluded_customer_VERIFY
731,401,289,175,524,930,1.0,0,window_04_draft_left_white_hijab_VERIFY
731,402,736,276,1036,986,0.5,0,window_04_draft_green_bent_customer_centre_VERIFY
731,403,1356,252,1676,1047,0.5,0,window_04_draft_brown_customer_right_VERIFY
731,404,846,145,1170,620,0.5,0,window_04_draft_pink_occluded_customer_VERIFY
732,401,288,175,523,930,1.0,0,window_04_draft_left_white_hijab_VERIFY
732,402,738,276,1038,986,0.5,0,window_04_draft_green_bent_customer_centre_VERIFY
732,403,1357,252,1677,1047,0.5,0,window_04_draft_brown_customer_right_VERIFY
732,404,846,145,1171,620,0.5,0,window_04_draft_pink_occluded_customer_VERIFY
733,401,287,175,522,930,1.0,0,window_04_draft_left_white_hijab_VERIFY
733,402,740,276,1040,986,0.5,0,window_04_draft_green_bent_customer_centre_VERIFY
733,403,1358,253,1678,1048,0.5,0,window_04_draft_brown_customer_right_VERIFY
733,404,846,145,1172,620,0.5,0,window_04_draft_pink_occluded_customer_VERIFY
734,401,286,175,521,930,1.0,0,window_04_draft_left_white_hijab_VERIFY
734,402,741,277,1041,987,0.5,0,window_04_draft_green_bent_customer_centre_VERIFY
734,403,1359,253,1679,1048,0.5,0,window_04_draft_brown_customer_right_VERIFY
734,404,847,145,1172,620,0.5,0,window_04_draft_pink_occluded_customer_VERIFY
735,401,285,175,520,930,1.0,0,window_04_draft_left_white_hijab_VERIFY
735,402,742,278,1042,988,0.5,0,window_04_draft_green_bent_customer_centre_VERIFY
735,403,1360,253,1680,1048,0.5,0,window_04_draft_brown_customer_right_VERIFY
735,404,848,145,1172,620,0.5,0,window_04_draft_pink_occluded_customer_VERIFY
736,401,284,175,519,930,1.0,0,window_04_draft_left_white_hijab_VERIFY
736,402,744,278,1044,988,0.5,0,window_04_draft_green_bent_customer_centre_VERIFY
736,403,1361,253,1681,1048,0.5,0,window_04_draft_brown_customer_right_VERIFY
736,404,848,145,1173,620,0.5,0,window_04_draft_pink_occluded_customer_VERIFY
737,401,283,175,518,930,1.0,0,window_04_draft_left_white_hijab_VERIFY
737,402,746,278,1046,988,0.5,0,window_04_draft_green_bent_customer_centre_VERIFY
737,403,1362,253,1682,1048,0.5,0,window_04_draft_brown_customer_right_VERIFY
737,404,848,145,1174,620,0.5,0,window_04_draft_pink_occluded_customer_VERIFY
738,401,282,175,517,930,1.0,0,window_04_draft_left_white_hijab_VERIFY
738,402,747,279,1047,989,0.5,0,window_04_draft_green_bent_customer_centre_VERIFY
738,403,1363,254,1683,1049,0.5,0,window_04_draft_brown_customer_right_VERIFY
738,404,849,145,1174,620,0.5,0,window_04_draft_pink_occluded_customer_VERIFY
739,401,281,175,516,930,1.0,0,window_04_draft_left_white_hijab_VERIFY
739,402,748,280,1048,990,0.5,0,window_04_draft_green_bent_customer_centre_VERIFY
739,403,1364,254,1684,1049,0.5,0,window_04_draft_brown_customer_right_VERIFY
739,404,850,145,1174,620,0.5,0,window_04_draft_pink_occluded_customer_VERIFY
740,401,280,175,515,930,1.0,0,window_04_draft_left_white_hijab_VERIFY
740,402,750,280,1050,990,0.5,0,window_04_draft_green_bent_customer_centre_VERIFY
740,403,1365,254,1685,1049,0.5,0,window_04_draft_brown_customer_right_VERIFY
740,404,850,145,1175,620,0.5,0,window_04_draft_pink_occluded_customer_VERIFY
741,401,279,175,514,930,1.0,0,window_04_draft_left_white_hijab_VERIFY
741,402,752,280,1052,990,0.5,0,window_04_draft_green_bent_customer_centre_VERIFY
741,403,1366,254,1686,1049,0.5,0,window_04_draft_brown_customer_right_VERIFY
741,404,850,145,1176,620,0.5,0,window_04_draft_pink_occluded_customer_VERIFY
742,401,278,175,513,930,1.0,0,window_04_draft_left_white_hijab_VERIFY
742,402,753,281,1053,991,0.5,0,window_04_draft_green_bent_customer_centre_VERIFY
742,403,1367,254,1687,1049,0.5,0,window_04_draft_brown_customer_right_VERIFY
742,404,851,145,1176,620,0.5,0,window_04_draft_pink_occluded_customer_VERIFY
743,401,277,175,512,930,1.0,0,window_04_draft_left_white_hijab_VERIFY
743,402,754,282,1054,992,0.5,0,window_04_draft_green_bent_customer_centre_VERIFY
743,403,1368,255,1688,1050,0.5,0,window_04_draft_brown_customer_right_VERIFY
743,404,852,145,1176,620,0.5,0,window_04_draft_pink_occluded_customer_VERIFY
744,401,276,175,511,930,1.0,0,window_04_draft_left_white_hijab_VERIFY
744,402,756,282,1056,992,0.5,0,window_04_draft_green_bent_customer_centre_VERIFY
744,403,1369,255,1689,1050,0.5,0,window_04_draft_brown_customer_right_VERIFY
744,404,852,145,1177,620,0.5,0,window_04_draft_pink_occluded_customer_VERIFY
745,401,275,175,510,930,1.0,0,window_04_draft_left_white_hijab_VERIFY
745,402,758,282,1058,992,0.5,0,window_04_draft_green_bent_customer_centre_VERIFY
745,403,1370,255,1690,1050,0.5,0,window_04_draft_brown_customer_right_VERIFY
745,404,852,145,1178,620,0.5,0,window_04_draft_pink_occluded_customer_VERIFY
746,401,274,175,509,930,1.0,0,window_04_draft_left_white_hijab_VERIFY
746,402,759,283,1059,993,0.5,0,window_04_draft_green_bent_customer_centre_VERIFY
746,403,1371,255,1691,1050,0.5,0,window_04_draft_brown_customer_right_VERIFY
746,404,853,145,1178,620,0.5,0,window_04_draft_pink_occluded_customer_VERIFY
747,401,273,175,508,930,1.0,0,window_04_draft_left_white_hijab_VERIFY
747,402,760,284,1060,994,0.5,0,window_04_draft_green_bent_customer_centre_VERIFY
747,403,1372,255,1692,1050,0.5,0,window_04_draft_brown_customer_right_VERIFY
747,404,854,145,1178,620,0.5,0,window_04_draft_pink_occluded_customer_VERIFY
748,401,272,175,507,930,1.0,0,window_04_draft_left_white_hijab_VERIFY
748,402,762,284,1062,994,0.5,0,window_04_draft_green_bent_customer_centre_VERIFY
748,403,1373,256,1693,1051,0.5,0,window_04_draft_brown_customer_right_VERIFY
748,404,854,145,1179,620,0.5,0,window_04_draft_pink_occluded_customer_VERIFY
749,401,271,175,506,930,1.0,0,window_04_draft_left_white_hijab_VERIFY
749,402,764,284,1064,994,0.5,0,window_04_draft_green_bent_customer_centre_VERIFY
749,403,1374,256,1694,1051,0.5,0,window_04_draft_brown_customer_right_VERIFY
749,404,854,145,1180,620,0.5,0,window_04_draft_pink_occluded_customer_VERIFY
900,501,285,175,520,925,1.0,0,window_05_draft_left_white_hijab_VERIFY
900,502,730,260,1035,990,0.5,0,window_05_draft_green_bent_customer_centre_VERIFY
900,503,1360,245,1680,1045,0.5,0,window_05_draft_brown_customer_right_VERIFY
900,504,850,145,1180,620,0.5,0,window_05_draft_pink_occluded_customer_VERIFY
901,501,284,175,519,925,1.0,0,window_05_draft_left_white_hijab_VERIFY
901,502,731,260,1036,990,0.5,0,window_05_draft_green_bent_customer_centre_VERIFY
901,503,1361,245,1681,1045,0.5,0,window_05_draft_brown_customer_right_VERIFY
901,504,850,145,1180,620,0.5,0,window_05_draft_pink_occluded_customer_VERIFY
902,501,283,175,518,925,1.0,0,window_05_draft_left_white_hijab_VERIFY
902,502,732,261,1037,991,0.5,0,window_05_draft_green_bent_customer_centre_VERIFY
902,503,1362,245,1682,1045,0.5,0,window_05_draft_brown_customer_right_VERIFY
902,504,851,145,1181,620,0.5,0,window_05_draft_pink_occluded_customer_VERIFY
903,501,283,175,518,925,1.0,0,window_05_draft_left_white_hijab_VERIFY
903,502,733,261,1038,991,0.5,0,window_05_draft_green_bent_customer_centre_VERIFY
903,503,1362,245,1682,1045,0.5,0,window_05_draft_brown_customer_right_VERIFY
903,504,851,145,1181,620,0.5,0,window_05_draft_pink_occluded_customer_VERIFY
904,501,282,175,517,925,1.0,0,window_05_draft_left_white_hijab_VERIFY
904,502,734,261,1039,991,0.5,0,window_05_draft_green_bent_customer_centre_VERIFY
904,503,1363,245,1683,1045,0.5,0,window_05_draft_brown_customer_right_VERIFY
904,504,851,145,1181,620,0.5,0,window_05_draft_pink_occluded_customer_VERIFY
905,501,281,175,516,925,1.0,0,window_05_draft_left_white_hijab_VERIFY
905,502,735,262,1040,992,0.5,0,window_05_draft_green_bent_customer_centre_VERIFY
905,503,1364,245,1684,1045,0.5,0,window_05_draft_brown_customer_right_VERIFY
905,504,852,145,1182,620,0.5,0,window_05_draft_pink_occluded_customer_VERIFY
906,501,280,175,515,925,1.0,0,window_05_draft_left_white_hijab_VERIFY
906,502,736,262,1041,992,0.5,0,window_05_draft_green_bent_customer_centre_VERIFY
906,503,1365,245,1685,1045,0.5,0,window_05_draft_brown_customer_right_VERIFY
906,504,852,145,1182,620,0.5,0,window_05_draft_pink_occluded_customer_VERIFY
907,501,279,175,514,925,1.0,0,window_05_draft_left_white_hijab_VERIFY
907,502,737,262,1042,992,0.5,0,window_05_draft_green_bent_customer_centre_VERIFY
907,503,1366,245,1686,1045,0.5,0,window_05_draft_brown_customer_right_VERIFY
907,504,852,145,1182,620,0.5,0,window_05_draft_pink_occluded_customer_VERIFY
908,501,279,175,514,925,1.0,0,window_05_draft_left_white_hijab_VERIFY
908,502,738,262,1043,992,0.5,0,window_05_draft_green_bent_customer_centre_VERIFY
908,503,1366,245,1686,1045,0.5,0,window_05_draft_brown_customer_right_VERIFY
908,504,852,145,1182,620,0.5,0,window_05_draft_pink_occluded_customer_VERIFY
909,501,278,175,513,925,1.0,0,window_05_draft_left_white_hijab_VERIFY
909,502,739,263,1044,993,0.5,0,window_05_draft_green_bent_customer_centre_VERIFY
909,503,1367,245,1687,1045,0.5,0,window_05_draft_brown_customer_right_VERIFY
909,504,853,145,1183,620,0.5,0,window_05_draft_pink_occluded_customer_VERIFY
910,501,277,175,512,925,1.0,0,window_05_draft_left_white_hijab_VERIFY
910,502,740,263,1045,993,0.5,0,window_05_draft_green_bent_customer_centre_VERIFY
910,503,1368,245,1688,1045,0.5,0,window_05_draft_brown_customer_right_VERIFY
910,504,853,145,1183,620,0.5,0,window_05_draft_pink_occluded_customer_VERIFY
911,501,276,175,511,925,1.0,0,window_05_draft_left_white_hijab_VERIFY
911,502,741,263,1046,993,0.5,0,window_05_draft_green_bent_customer_centre_VERIFY
911,503,1369,245,1689,1045,0.5,0,window_05_draft_brown_customer_right_VERIFY
911,504,853,145,1183,620,0.5,0,window_05_draft_pink_occluded_customer_VERIFY
912,501,275,175,510,925,1.0,0,window_05_draft_left_white_hijab_VERIFY
912,502,742,264,1047,994,0.5,0,window_05_draft_green_bent_customer_centre_VERIFY
912,503,1370,245,1690,1045,0.5,0,window_05_draft_brown_customer_right_VERIFY
912,504,854,145,1184,620,0.5,0,window_05_draft_pink_occluded_customer_VERIFY
913,501,275,175,510,925,1.0,0,window_05_draft_left_white_hijab_VERIFY
913,502,743,264,1048,994,0.5,0,window_05_draft_green_bent_customer_centre_VERIFY
913,503,1370,245,1690,1045,0.5,0,window_05_draft_brown_customer_right_VERIFY
913,504,854,145,1184,620,0.5,0,window_05_draft_pink_occluded_customer_VERIFY
914,501,274,175,509,925,1.0,0,window_05_draft_left_white_hijab_VERIFY
914,502,744,264,1049,994,0.5,0,window_05_draft_green_bent_customer_centre_VERIFY
914,503,1371,245,1691,1045,0.5,0,window_05_draft_brown_customer_right_VERIFY
914,504,854,145,1184,620,0.5,0,window_05_draft_pink_occluded_customer_VERIFY
915,501,273,175,508,925,1.0,0,window_05_draft_left_white_hijab_VERIFY
915,502,745,264,1050,994,0.5,0,window_05_draft_green_bent_customer_centre_VERIFY
915,503,1372,245,1692,1045,0.5,0,window_05_draft_brown_customer_right_VERIFY
915,504,854,145,1184,620,0.5,0,window_05_draft_pink_occluded_customer_VERIFY
916,501,272,175,507,925,1.0,0,window_05_draft_left_white_hijab_VERIFY
916,502,746,265,1051,995,0.5,0,window_05_draft_green_bent_customer_centre_VERIFY
916,503,1373,245,1693,1045,0.5,0,window_05_draft_brown_customer_right_VERIFY
916,504,855,145,1185,620,0.5,0,window_05_draft_pink_occluded_customer_VERIFY
917,501,271,175,506,925,1.0,0,window_05_draft_left_white_hijab_VERIFY
917,502,747,265,1052,995,0.5,0,window_05_draft_green_bent_customer_centre_VERIFY
917,503,1374,245,1694,1045,0.5,0,window_05_draft_brown_customer_right_VERIFY
917,504,855,145,1185,620,0.5,0,window_05_draft_pink_occluded_customer_VERIFY
918,501,271,175,506,925,1.0,0,window_05_draft_left_white_hijab_VERIFY
918,502,748,265,1053,995,0.5,0,window_05_draft_green_bent_customer_centre_VERIFY
918,503,1374,245,1694,1045,0.5,0,window_05_draft_brown_customer_right_VERIFY
918,504,855,145,1185,620,0.5,0,window_05_draft_pink_occluded_customer_VERIFY
919,501,270,175,505,925,1.0,0,window_05_draft_left_white_hijab_VERIFY
919,502,749,266,1054,996,0.5,0,window_05_draft_green_bent_customer_centre_VERIFY
919,503,1375,245,1695,1045,0.5,0,window_05_draft_brown_customer_right_VERIFY
919,504,856,145,1186,620,0.5,0,window_05_draft_pink_occluded_customer_VERIFY
920,501,269,175,504,925,1.0,0,window_05_draft_left_white_hijab_VERIFY
920,502,750,266,1055,996,0.5,0,window_05_draft_green_bent_customer_centre_VERIFY
920,503,1376,245,1696,1045,0.5,0,window_05_draft_brown_customer_right_VERIFY
920,504,856,145,1186,620,0.5,0,window_05_draft_pink_occluded_customer_VERIFY
921,501,268,175,503,925,1.0,0,window_05_draft_left_white_hijab_VERIFY
921,502,751,266,1056,996,0.5,0,window_05_draft_green_bent_customer_centre_VERIFY
921,503,1377,245,1697,1045,0.5,0,window_05_draft_brown_customer_right_VERIFY
921,504,856,145,1186,620,0.5,0,window_05_draft_pink_occluded_customer_VERIFY
922,501,267,175,502,925,1.0,0,window_05_draft_left_white_hijab_VERIFY
922,502,752,267,1057,997,0.5,0,window_05_draft_green_bent_customer_centre_VERIFY
922,503,1378,245,1698,1045,0.5,0,window_05_draft_brown_customer_right_VERIFY
922,504,857,145,1187,620,0.5,0,window_05_draft_pink_occluded_customer_VERIFY
923,501,267,175,502,925,1.0,0,window_05_draft_left_white_hijab_VERIFY
923,502,753,267,1058,997,0.5,0,window_05_draft_green_bent_customer_centre_VERIFY
923,503,1378,245,1698,1045,0.5,0,window_05_draft_brown_customer_right_VERIFY
923,504,857,145,1187,620,0.5,0,window_05_draft_pink_occluded_customer_VERIFY
924,501,266,175,501,925,1.0,0,window_05_draft_left_white_hijab_VERIFY
924,502,754,267,1059,997,0.5,0,window_05_draft_green_bent_customer_centre_VERIFY
924,503,1379,245,1699,1045,0.5,0,window_05_draft_brown_customer_right_VERIFY
924,504,857,145,1187,620,0.5,0,window_05_draft_pink_occluded_customer_VERIFY
925,501,265,175,500,925,1.0,0,window_05_draft_left_white_hijab_VERIFY
925,502,755,268,1060,998,0.5,0,window_05_draft_green_bent_customer_centre_VERIFY
925,503,1380,245,1700,1045,0.5,0,window_05_draft_brown_customer_right_VERIFY
925,504,858,145,1188,620,0.5,0,window_05_draft_pink_occluded_customer_VERIFY
926,501,264,175,499,925,1.0,0,window_05_draft_left_white_hijab_VERIFY
926,502,756,268,1061,998,0.5,0,window_05_draft_green_bent_customer_centre_VERIFY
926,503,1381,245,1701,1045,0.5,0,window_05_draft_brown_customer_right_VERIFY
926,504,858,145,1188,620,0.5,0,window_05_draft_pink_occluded_customer_VERIFY
927,501,263,175,498,925,1.0,0,window_05_draft_left_white_hijab_VERIFY
927,502,757,268,1062,998,0.5,0,window_05_draft_green_bent_customer_centre_VERIFY
927,503,1382,245,1702,1045,0.5,0,window_05_draft_brown_customer_right_VERIFY
927,504,858,145,1188,620,0.5,0,window_05_draft_pink_occluded_customer_VERIFY
928,501,263,175,498,925,1.0,0,window_05_draft_left_white_hijab_VERIFY
928,502,758,268,1063,998,0.5,0,window_05_draft_green_bent_customer_centre_VERIFY
928,503,1382,245,1702,1045,0.5,0,window_05_draft_brown_customer_right_VERIFY
928,504,858,145,1188,620,0.5,0,window_05_draft_pink_occluded_customer_VERIFY
929,501,262,175,497,925,1.0,0,window_05_draft_left_white_hijab_VERIFY
929,502,759,269,1064,999,0.5,0,window_05_draft_green_bent_customer_centre_VERIFY
929,503,1383,245,1703,1045,0.5,0,window_05_draft_brown_customer_right_VERIFY
929,504,859,145,1189,620,0.5,0,window_05_draft_pink_occluded_customer_VERIFY
1080,601,285,175,520,925,1.0,0,window_06_draft_left_white_hijab_VERIFY
1080,602,735,255,1045,995,0.5,0,window_06_draft_green_bent_customer_centre_VERIFY
1080,603,1365,240,1690,1040,0.5,0,window_06_draft_brown_customer_right_VERIFY
1080,604,860,145,1190,620,0.5,0,window_06_draft_pink_occluded_customer_VERIFY
1081,601,284,175,520,925,1.0,0,window_06_draft_left_white_hijab_VERIFY
1081,602,736,255,1046,995,0.5,0,window_06_draft_green_bent_customer_centre_VERIFY
1081,603,1366,240,1690,1040,0.5,0,window_06_draft_brown_customer_right_VERIFY
1081,604,860,145,1190,620,0.5,0,window_06_draft_pink_occluded_customer_VERIFY
1082,601,284,175,519,925,1.0,0,window_06_draft_left_white_hijab_VERIFY
1082,602,737,255,1047,995,0.5,0,window_06_draft_green_bent_customer_centre_VERIFY
1082,603,1366,240,1691,1040,0.5,0,window_06_draft_brown_customer_right_VERIFY
1082,604,860,145,1190,620,0.5,0,window_06_draft_pink_occluded_customer_VERIFY
1083,601,284,175,518,925,1.0,0,window_06_draft_left_white_hijab_VERIFY
1083,602,737,256,1047,996,0.5,0,window_06_draft_green_bent_customer_centre_VERIFY
1083,603,1366,240,1692,1040,0.5,0,window_06_draft_brown_customer_right_VERIFY
1083,604,861,145,1191,620,0.5,0,window_06_draft_pink_occluded_customer_VERIFY
1084,601,283,175,518,925,1.0,0,window_06_draft_left_white_hijab_VERIFY
1084,602,738,256,1048,996,0.5,0,window_06_draft_green_bent_customer_centre_VERIFY
1084,603,1367,240,1692,1040,0.5,0,window_06_draft_brown_customer_right_VERIFY
1084,604,861,145,1191,620,0.5,0,window_06_draft_pink_occluded_customer_VERIFY
1085,601,282,175,518,925,1.0,0,window_06_draft_left_white_hijab_VERIFY
1085,602,739,256,1049,996,0.5,0,window_06_draft_green_bent_customer_centre_VERIFY
1085,603,1368,240,1692,1040,0.5,0,window_06_draft_brown_customer_right_VERIFY
1085,604,861,145,1191,620,0.5,0,window_06_draft_pink_occluded_customer_VERIFY
1086,601,282,175,517,925,1.0,0,window_06_draft_left_white_hijab_VERIFY
1086,602,740,256,1050,996,0.5,0,window_06_draft_green_bent_customer_centre_VERIFY
1086,603,1368,240,1693,1040,0.5,0,window_06_draft_brown_customer_right_VERIFY
1086,604,861,145,1191,620,0.5,0,window_06_draft_pink_occluded_customer_VERIFY
1087,601,282,175,516,925,1.0,0,window_06_draft_left_white_hijab_VERIFY
1087,602,741,256,1051,996,0.5,0,window_06_draft_green_bent_customer_centre_VERIFY
1087,603,1368,240,1694,1040,0.5,0,window_06_draft_brown_customer_right_VERIFY
1087,604,861,145,1191,620,0.5,0,window_06_draft_pink_occluded_customer_VERIFY
1088,601,281,175,516,925,1.0,0,window_06_draft_left_white_hijab_VERIFY
1088,602,741,257,1051,997,0.5,0,window_06_draft_green_bent_customer_centre_VERIFY
1088,603,1369,240,1694,1040,0.5,0,window_06_draft_brown_customer_right_VERIFY
1088,604,862,145,1192,620,0.5,0,window_06_draft_pink_occluded_customer_VERIFY
1089,601,280,175,516,925,1.0,0,window_06_draft_left_white_hijab_VERIFY
1089,602,742,257,1052,997,0.5,0,window_06_draft_green_bent_customer_centre_VERIFY
1089,603,1370,240,1694,1040,0.5,0,window_06_draft_brown_customer_right_VERIFY
1089,604,862,145,1192,620,0.5,0,window_06_draft_pink_occluded_customer_VERIFY
1090,601,280,175,515,925,1.0,0,window_06_draft_left_white_hijab_VERIFY
1090,602,743,257,1053,997,0.5,0,window_06_draft_green_bent_customer_centre_VERIFY
1090,603,1370,240,1695,1040,0.5,0,window_06_draft_brown_customer_right_VERIFY
1090,604,862,145,1192,620,0.5,0,window_06_draft_pink_occluded_customer_VERIFY
1091,601,280,175,514,925,1.0,0,window_06_draft_left_white_hijab_VERIFY
1091,602,744,257,1054,997,0.5,0,window_06_draft_green_bent_customer_centre_VERIFY
1091,603,1370,240,1696,1040,0.5,0,window_06_draft_brown_customer_right_VERIFY
1091,604,862,145,1192,620,0.5,0,window_06_draft_pink_occluded_customer_VERIFY
1092,601,279,175,514,925,1.0,0,window_06_draft_left_white_hijab_VERIFY
1092,602,745,257,1055,997,0.5,0,window_06_draft_green_bent_customer_centre_VERIFY
1092,603,1371,240,1696,1040,0.5,0,window_06_draft_brown_customer_right_VERIFY
1092,604,862,145,1192,620,0.5,0,window_06_draft_pink_occluded_customer_VERIFY
1093,601,278,175,514,925,1.0,0,window_06_draft_left_white_hijab_VERIFY
1093,602,745,258,1055,998,0.5,0,window_06_draft_green_bent_customer_centre_VERIFY
1093,603,1372,240,1696,1040,0.5,0,window_06_draft_brown_customer_right_VERIFY
1093,604,863,145,1193,620,0.5,0,window_06_draft_pink_occluded_customer_VERIFY
1094,601,278,175,513,925,1.0,0,window_06_draft_left_white_hijab_VERIFY
1094,602,746,258,1056,998,0.5,0,window_06_draft_green_bent_customer_centre_VERIFY
1094,603,1372,240,1697,1040,0.5,0,window_06_draft_brown_customer_right_VERIFY
1094,604,863,145,1193,620,0.5,0,window_06_draft_pink_occluded_customer_VERIFY
1095,601,278,175,512,925,1.0,0,window_06_draft_left_white_hijab_VERIFY
1095,602,747,258,1057,998,0.5,0,window_06_draft_green_bent_customer_centre_VERIFY
1095,603,1372,240,1698,1040,0.5,0,window_06_draft_brown_customer_right_VERIFY
1095,604,863,145,1193,620,0.5,0,window_06_draft_pink_occluded_customer_VERIFY
1096,601,277,175,512,925,1.0,0,window_06_draft_left_white_hijab_VERIFY
1096,602,748,258,1058,998,0.5,0,window_06_draft_green_bent_customer_centre_VERIFY
1096,603,1373,240,1698,1040,0.5,0,window_06_draft_brown_customer_right_VERIFY
1096,604,863,145,1193,620,0.5,0,window_06_draft_pink_occluded_customer_VERIFY
1097,601,276,175,512,925,1.0,0,window_06_draft_left_white_hijab_VERIFY
1097,602,749,258,1059,998,0.5,0,window_06_draft_green_bent_customer_centre_VERIFY
1097,603,1374,240,1698,1040,0.5,0,window_06_draft_brown_customer_right_VERIFY
1097,604,863,145,1193,620,0.5,0,window_06_draft_pink_occluded_customer_VERIFY
1098,601,276,175,511,925,1.0,0,window_06_draft_left_white_hijab_VERIFY
1098,602,749,259,1059,999,0.5,0,window_06_draft_green_bent_customer_centre_VERIFY
1098,603,1374,240,1699,1040,0.5,0,window_06_draft_brown_customer_right_VERIFY
1098,604,864,145,1194,620,0.5,0,window_06_draft_pink_occluded_customer_VERIFY
1099,601,276,175,510,925,1.0,0,window_06_draft_left_white_hijab_VERIFY
1099,602,750,259,1060,999,0.5,0,window_06_draft_green_bent_customer_centre_VERIFY
1099,603,1374,240,1700,1040,0.5,0,window_06_draft_brown_customer_right_VERIFY
1099,604,864,145,1194,620,0.5,0,window_06_draft_pink_occluded_customer_VERIFY
1100,601,275,175,510,925,1.0,0,window_06_draft_left_white_hijab_VERIFY
1100,602,751,259,1061,999,0.5,0,window_06_draft_green_bent_customer_centre_VERIFY
1100,603,1375,240,1700,1040,0.5,0,window_06_draft_brown_customer_right_VERIFY
1100,604,864,145,1194,620,0.5,0,window_06_draft_pink_occluded_customer_VERIFY
1101,601,274,175,510,925,1.0,0,window_06_draft_left_white_hijab_VERIFY
1101,602,752,259,1062,999,0.5,0,window_06_draft_green_bent_customer_centre_VERIFY
1101,603,1376,240,1700,1040,0.5,0,window_06_draft_brown_customer_right_VERIFY
1101,604,864,145,1194,620,0.5,0,window_06_draft_pink_occluded_customer_VERIFY
1102,601,274,175,509,925,1.0,0,window_06_draft_left_white_hijab_VERIFY
1102,602,753,259,1063,999,0.5,0,window_06_draft_green_bent_customer_centre_VERIFY
1102,603,1376,240,1701,1040,0.5,0,window_06_draft_brown_customer_right_VERIFY
1102,604,864,145,1194,620,0.5,0,window_06_draft_pink_occluded_customer_VERIFY
1103,601,274,175,508,925,1.0,0,window_06_draft_left_white_hijab_VERIFY
1103,602,753,260,1063,1000,0.5,0,window_06_draft_green_bent_customer_centre_VERIFY
1103,603,1376,240,1702,1040,0.5,0,window_06_draft_brown_customer_right_VERIFY
1103,604,865,145,1195,620,0.5,0,window_06_draft_pink_occluded_customer_VERIFY
1104,601,273,175,508,925,1.0,0,window_06_draft_left_white_hijab_VERIFY
1104,602,754,260,1064,1000,0.5,0,window_06_draft_green_bent_customer_centre_VERIFY
1104,603,1377,240,1702,1040,0.5,0,window_06_draft_brown_customer_right_VERIFY
1104,604,865,145,1195,620,0.5,0,window_06_draft_pink_occluded_customer_VERIFY
1105,601,272,175,508,925,1.0,0,window_06_draft_left_white_hijab_VERIFY
1105,602,755,260,1065,1000,0.5,0,window_06_draft_green_bent_customer_centre_VERIFY
1105,603,1378,240,1702,1040,0.5,0,window_06_draft_brown_customer_right_VERIFY
1105,604,865,145,1195,620,0.5,0,window_06_draft_pink_occluded_customer_VERIFY
1106,601,272,175,507,925,1.0,0,window_06_draft_left_white_hijab_VERIFY
1106,602,756,260,1066,1000,0.5,0,window_06_draft_green_bent_customer_centre_VERIFY
1106,603,1378,240,1703,1040,0.5,0,window_06_draft_brown_customer_right_VERIFY
1106,604,865,145,1195,620,0.5,0,window_06_draft_pink_occluded_customer_VERIFY
1107,601,272,175,506,925,1.0,0,window_06_draft_left_white_hijab_VERIFY
1107,602,757,260,1067,1000,0.5,0,window_06_draft_green_bent_customer_centre_VERIFY
1107,603,1378,240,1704,1040,0.5,0,window_06_draft_brown_customer_right_VERIFY
1107,604,865,145,1195,620,0.5,0,window_06_draft_pink_occluded_customer_VERIFY
1108,601,271,175,506,925,1.0,0,window_06_draft_left_white_hijab_VERIFY
1108,602,757,261,1067,1001,0.5,0,window_06_draft_green_bent_customer_centre_VERIFY
1108,603,1379,240,1704,1040,0.5,0,window_06_draft_brown_customer_right_VERIFY
1108,604,866,145,1196,620,0.5,0,window_06_draft_pink_occluded_customer_VERIFY
1109,601,270,175,506,925,1.0,0,window_06_draft_left_white_hijab_VERIFY
1109,602,758,261,1068,1001,0.5,0,window_06_draft_green_bent_customer_centre_VERIFY
1109,603,1380,240,1704,1040,0.5,0,window_06_draft_brown_customer_right_VERIFY
1109,604,866,145,1196,620,0.5,0,window_06_draft_pink_occluded_customer_VERIFY
1260,701,295,185,545,980,1.0,0,window_07_draft_left_white_hijab_walking_VERIFY
1260,702,1510,330,1840,1135,1.0,0,window_07_draft_right_dark_blue_customer_VERIFY
1261,701,293,188,543,983,1.0,0,window_07_draft_left_white_hijab_walking_VERIFY
1261,702,1511,330,1841,1136,1.0,0,window_07_draft_right_dark_blue_customer_VERIFY
1262,701,291,191,541,986,1.0,0,window_07_draft_left_white_hijab_walking_VERIFY
1262,702,1512,331,1842,1136,1.0,0,window_07_draft_right_dark_blue_customer_VERIFY
1263,701,289,194,539,989,1.0,0,window_07_draft_left_white_hijab_walking_VERIFY
1263,702,1513,332,1843,1136,1.0,0,window_07_draft_right_dark_blue_customer_VERIFY
1264,701,287,197,537,992,1.0,0,window_07_draft_left_white_hijab_walking_VERIFY
1264,702,1514,332,1844,1137,1.0,0,window_07_draft_right_dark_blue_customer_VERIFY
1265,701,285,200,535,995,1.0,0,window_07_draft_left_white_hijab_walking_VERIFY
1265,702,1515,332,1845,1138,1.0,0,window_07_draft_right_dark_blue_customer_VERIFY
1266,701,283,203,533,998,1.0,0,window_07_draft_left_white_hijab_walking_VERIFY
1266,702,1516,333,1846,1138,1.0,0,window_07_draft_right_dark_blue_customer_VERIFY
1267,701,281,206,531,1001,1.0,0,window_07_draft_left_white_hijab_walking_VERIFY
1267,702,1517,334,1847,1138,1.0,0,window_07_draft_right_dark_blue_customer_VERIFY
1268,701,279,209,529,1004,1.0,0,window_07_draft_left_white_hijab_walking_VERIFY
1268,702,1518,334,1848,1139,1.0,0,window_07_draft_right_dark_blue_customer_VERIFY
1269,701,277,212,527,1007,1.0,0,window_07_draft_left_white_hijab_walking_VERIFY
1269,702,1519,334,1849,1140,1.0,0,window_07_draft_right_dark_blue_customer_VERIFY
1270,701,275,215,525,1010,1.0,0,window_07_draft_left_white_hijab_walking_VERIFY
1270,702,1520,335,1850,1140,1.0,0,window_07_draft_right_dark_blue_customer_VERIFY
1271,701,273,218,523,1013,1.0,0,window_07_draft_left_white_hijab_walking_VERIFY
1271,702,1521,336,1851,1140,1.0,0,window_07_draft_right_dark_blue_customer_VERIFY
1272,701,271,221,521,1016,1.0,0,window_07_draft_left_white_hijab_walking_VERIFY
1272,702,1522,336,1852,1141,1.0,0,window_07_draft_right_dark_blue_customer_VERIFY
1273,701,269,224,519,1019,1.0,0,window_07_draft_left_white_hijab_walking_VERIFY
1273,702,1523,336,1853,1142,1.0,0,window_07_draft_right_dark_blue_customer_VERIFY
1274,701,267,227,517,1022,1.0,0,window_07_draft_left_white_hijab_walking_VERIFY
1274,702,1524,337,1854,1142,1.0,0,window_07_draft_right_dark_blue_customer_VERIFY
1275,701,265,230,515,1025,1.0,0,window_07_draft_left_white_hijab_walking_VERIFY
1275,702,1525,338,1855,1142,1.0,0,window_07_draft_right_dark_blue_customer_VERIFY
1276,701,263,233,513,1028,1.0,0,window_07_draft_left_white_hijab_walking_VERIFY
1276,702,1526,338,1856,1143,1.0,0,window_07_draft_right_dark_blue_customer_VERIFY
1277,701,261,236,511,1031,1.0,0,window_07_draft_left_white_hijab_walking_VERIFY
1277,702,1527,338,1857,1144,1.0,0,window_07_draft_right_dark_blue_customer_VERIFY
1278,701,259,239,509,1034,1.0,0,window_07_draft_left_white_hijab_walking_VERIFY
1278,702,1528,339,1858,1144,1.0,0,window_07_draft_right_dark_blue_customer_VERIFY
1279,701,257,242,507,1037,1.0,0,window_07_draft_left_white_hijab_walking_VERIFY
1279,702,1529,340,1859,1144,1.0,0,window_07_draft_right_dark_blue_customer_VERIFY
1280,701,255,245,505,1040,1.0,0,window_07_draft_left_white_hijab_walking_VERIFY
1280,702,1530,340,1860,1145,1.0,0,window_07_draft_right_dark_blue_customer_VERIFY
1281,701,253,248,503,1043,1.0,0,window_07_draft_left_white_hijab_walking_VERIFY
1281,702,1531,340,1861,1146,1.0,0,window_07_draft_right_dark_blue_customer_VERIFY
1282,701,251,251,501,1046,1.0,0,window_07_draft_left_white_hijab_walking_VERIFY
1282,702,1532,341,1862,1146,1.0,0,window_07_draft_right_dark_blue_customer_VERIFY
1283,701,249,254,499,1049,1.0,0,window_07_draft_left_white_hijab_walking_VERIFY
1283,702,1533,342,1863,1146,1.0,0,window_07_draft_right_dark_blue_customer_VERIFY
1284,701,247,257,497,1052,1.0,0,window_07_draft_left_white_hijab_walking_VERIFY
1284,702,1534,342,1864,1147,1.0,0,window_07_draft_right_dark_blue_customer_VERIFY
1285,701,245,260,495,1055,1.0,0,window_07_draft_left_white_hijab_walking_VERIFY
1285,702,1535,342,1865,1148,1.0,0,window_07_draft_right_dark_blue_customer_VERIFY
1286,701,243,263,493,1058,1.0,0,window_07_draft_left_white_hijab_walking_VERIFY
1286,702,1536,343,1866,1148,1.0,0,window_07_draft_right_dark_blue_customer_VERIFY
1287,701,241,266,491,1061,1.0,0,window_07_draft_left_white_hijab_walking_VERIFY
1287,702,1537,344,1867,1148,1.0,0,window_07_draft_right_dark_blue_customer_VERIFY
1288,701,239,269,489,1064,1.0,0,window_07_draft_left_white_hijab_walking_VERIFY
1288,702,1538,344,1868,1149,1.0,0,window_07_draft_right_dark_blue_customer_VERIFY
1289,701,237,272,487,1067,1.0,0,window_07_draft_left_white_hijab_walking_VERIFY
1289,702,1539,344,1869,1150,1.0,0,window_07_draft_right_dark_blue_customer_VERIFY
1440,801,280,185,535,975,1.0,0,window_08_draft_left_white_hijab_VERIFY
1440,802,700,180,1005,900,0.5,0,window_08_draft_green_customer_centre_VERIFY
1440,803,1430,245,1710,1045,0.5,0,window_08_draft_black_customer_right_shelf_VERIFY
1440,804,1690,245,2025,1110,1.0,0,window_08_draft_red_blue_striped_customer_VERIFY
1441,801,279,186,534,976,1.0,0,window_08_draft_left_white_hijab_VERIFY
1441,802,700,180,1006,900,0.5,0,window_08_draft_green_customer_centre_VERIFY
1441,803,1431,246,1711,1046,0.5,0,window_08_draft_black_customer_right_shelf_VERIFY
1441,804,1692,246,2027,1110,1.0,0,window_08_draft_red_blue_striped_customer_VERIFY
1442,801,278,187,533,977,1.0,0,window_08_draft_left_white_hijab_VERIFY
1442,802,701,180,1006,900,0.5,0,window_08_draft_green_customer_centre_VERIFY
1442,803,1432,246,1712,1046,0.5,0,window_08_draft_black_customer_right_shelf_VERIFY
1442,804,1694,246,2029,1111,1.0,0,window_08_draft_red_blue_striped_customer_VERIFY
1443,801,277,188,532,978,1.0,0,window_08_draft_left_white_hijab_VERIFY
1443,802,702,181,1006,901,0.5,0,window_08_draft_green_customer_centre_VERIFY
1443,803,1433,246,1713,1046,0.5,0,window_08_draft_black_customer_right_shelf_VERIFY
1443,804,1696,246,2031,1112,1.0,0,window_08_draft_red_blue_striped_customer_VERIFY
1444,801,276,189,531,979,1.0,0,window_08_draft_left_white_hijab_VERIFY
1444,802,702,181,1007,901,0.5,0,window_08_draft_green_customer_centre_VERIFY
1444,803,1434,247,1714,1047,0.5,0,window_08_draft_black_customer_right_shelf_VERIFY
1444,804,1698,247,2033,1112,1.0,0,window_08_draft_red_blue_striped_customer_VERIFY
1445,801,275,190,530,980,1.0,0,window_08_draft_left_white_hijab_VERIFY
1445,802,702,181,1008,901,0.5,0,window_08_draft_green_customer_centre_VERIFY
1445,803,1435,248,1715,1048,0.5,0,window_08_draft_black_customer_right_shelf_VERIFY
1445,804,1700,248,2035,1112,1.0,0,window_08_draft_red_blue_striped_customer_VERIFY
1446,801,274,191,529,981,1.0,0,window_08_draft_left_white_hijab_VERIFY
1446,802,703,181,1008,901,0.5,0,window_08_draft_green_customer_centre_VERIFY
1446,803,1436,248,1716,1048,0.5,0,window_08_draft_black_customer_right_shelf_VERIFY
1446,804,1702,248,2037,1113,1.0,0,window_08_draft_red_blue_striped_customer_VERIFY
1447,801,273,192,528,982,1.0,0,window_08_draft_left_white_hijab_VERIFY
1447,802,704,181,1008,901,0.5,0,window_08_draft_green_customer_centre_VERIFY
1447,803,1437,248,1717,1048,0.5,0,window_08_draft_black_customer_right_shelf_VERIFY
1447,804,1704,248,2039,1114,1.0,0,window_08_draft_red_blue_striped_customer_VERIFY
1448,801,272,193,527,983,1.0,0,window_08_draft_left_white_hijab_VERIFY
1448,802,704,182,1009,902,0.5,0,window_08_draft_green_customer_centre_VERIFY
1448,803,1438,249,1718,1049,0.5,0,window_08_draft_black_customer_right_shelf_VERIFY
1448,804,1706,249,2041,1114,1.0,0,window_08_draft_red_blue_striped_customer_VERIFY
1449,801,271,194,526,984,1.0,0,window_08_draft_left_white_hijab_VERIFY
1449,802,704,182,1010,902,0.5,0,window_08_draft_green_customer_centre_VERIFY
1449,803,1439,250,1719,1050,0.5,0,window_08_draft_black_customer_right_shelf_VERIFY
1449,804,1708,250,2043,1114,1.0,0,window_08_draft_red_blue_striped_customer_VERIFY
1450,801,270,195,525,985,1.0,0,window_08_draft_left_white_hijab_VERIFY
1450,802,705,182,1010,902,0.5,0,window_08_draft_green_customer_centre_VERIFY
1450,803,1440,250,1720,1050,0.5,0,window_08_draft_black_customer_right_shelf_VERIFY
1450,804,1710,250,2045,1115,1.0,0,window_08_draft_red_blue_striped_customer_VERIFY
1451,801,269,196,524,986,1.0,0,window_08_draft_left_white_hijab_VERIFY
1451,802,706,182,1010,902,0.5,0,window_08_draft_green_customer_centre_VERIFY
1451,803,1441,250,1721,1050,0.5,0,window_08_draft_black_customer_right_shelf_VERIFY
1451,804,1712,250,2047,1116,1.0,0,window_08_draft_red_blue_striped_customer_VERIFY
1452,801,268,197,523,987,1.0,0,window_08_draft_left_white_hijab_VERIFY
1452,802,706,182,1011,902,0.5,0,window_08_draft_green_customer_centre_VERIFY
1452,803,1442,251,1722,1051,0.5,0,window_08_draft_black_customer_right_shelf_VERIFY
1452,804,1714,251,2049,1116,1.0,0,window_08_draft_red_blue_striped_customer_VERIFY
1453,801,267,198,522,988,1.0,0,window_08_draft_left_white_hijab_VERIFY
1453,802,706,183,1012,903,0.5,0,window_08_draft_green_customer_centre_VERIFY
1453,803,1443,252,1723,1052,0.5,0,window_08_draft_black_customer_right_shelf_VERIFY
1453,804,1716,252,2051,1116,1.0,0,window_08_draft_red_blue_striped_customer_VERIFY
1454,801,266,199,521,989,1.0,0,window_08_draft_left_white_hijab_VERIFY
1454,802,707,183,1012,903,0.5,0,window_08_draft_green_customer_centre_VERIFY
1454,803,1444,252,1724,1052,0.5,0,window_08_draft_black_customer_right_shelf_VERIFY
1454,804,1718,252,2053,1117,1.0,0,window_08_draft_red_blue_striped_customer_VERIFY
1455,801,265,200,520,990,1.0,0,window_08_draft_left_white_hijab_VERIFY
1455,802,708,183,1012,903,0.5,0,window_08_draft_green_customer_centre_VERIFY
1455,803,1445,252,1725,1052,0.5,0,window_08_draft_black_customer_right_shelf_VERIFY
1455,804,1720,252,2055,1118,1.0,0,window_08_draft_red_blue_striped_customer_VERIFY
1456,801,264,201,519,991,1.0,0,window_08_draft_left_white_hijab_VERIFY
1456,802,708,183,1013,903,0.5,0,window_08_draft_green_customer_centre_VERIFY
1456,803,1446,253,1726,1053,0.5,0,window_08_draft_black_customer_right_shelf_VERIFY
1456,804,1722,253,2057,1118,1.0,0,window_08_draft_red_blue_striped_customer_VERIFY
1457,801,263,202,518,992,1.0,0,window_08_draft_left_white_hijab_VERIFY
1457,802,708,183,1014,903,0.5,0,window_08_draft_green_customer_centre_VERIFY
1457,803,1447,254,1727,1054,0.5,0,window_08_draft_black_customer_right_shelf_VERIFY
1457,804,1724,254,2059,1118,1.0,0,window_08_draft_red_blue_striped_customer_VERIFY
1458,801,262,203,517,993,1.0,0,window_08_draft_left_white_hijab_VERIFY
1458,802,709,184,1014,904,0.5,0,window_08_draft_green_customer_centre_VERIFY
1458,803,1448,254,1728,1054,0.5,0,window_08_draft_black_customer_right_shelf_VERIFY
1458,804,1726,254,2061,1119,1.0,0,window_08_draft_red_blue_striped_customer_VERIFY
1459,801,261,204,516,994,1.0,0,window_08_draft_left_white_hijab_VERIFY
1459,802,710,184,1014,904,0.5,0,window_08_draft_green_customer_centre_VERIFY
1459,803,1449,254,1729,1054,0.5,0,window_08_draft_black_customer_right_shelf_VERIFY
1459,804,1728,254,2063,1120,1.0,0,window_08_draft_red_blue_striped_customer_VERIFY
1460,801,260,205,515,995,1.0,0,window_08_draft_left_white_hijab_VERIFY
1460,802,710,184,1015,904,0.5,0,window_08_draft_green_customer_centre_VERIFY
1460,803,1450,255,1730,1055,0.5,0,window_08_draft_black_customer_right_shelf_VERIFY
1460,804,1730,255,2065,1120,1.0,0,window_08_draft_red_blue_striped_customer_VERIFY
1461,801,259,206,514,996,1.0,0,window_08_draft_left_white_hijab_VERIFY
1461,802,710,184,1016,904,0.5,0,window_08_draft_green_customer_centre_VERIFY
1461,803,1451,256,1731,1056,0.5,0,window_08_draft_black_customer_right_shelf_VERIFY
1461,804,1732,256,2067,1120,1.0,0,window_08_draft_red_blue_striped_customer_VERIFY
1462,801,258,207,513,997,1.0,0,window_08_draft_left_white_hijab_VERIFY
1462,802,711,184,1016,904,0.5,0,window_08_draft_green_customer_centre_VERIFY
1462,803,1452,256,1732,1056,0.5,0,window_08_draft_black_customer_right_shelf_VERIFY
1462,804,1734,256,2069,1121,1.0,0,window_08_draft_red_blue_striped_customer_VERIFY
1463,801,257,208,512,998,1.0,0,window_08_draft_left_white_hijab_VERIFY
1463,802,712,185,1016,905,0.5,0,window_08_draft_green_customer_centre_VERIFY
1463,803,1453,256,1733,1056,0.5,0,window_08_draft_black_customer_right_shelf_VERIFY
1463,804,1736,256,2071,1122,1.0,0,window_08_draft_red_blue_striped_customer_VERIFY
1464,801,256,209,511,999,1.0,0,window_08_draft_left_white_hijab_VERIFY
1464,802,712,185,1017,905,0.5,0,window_08_draft_green_customer_centre_VERIFY
1464,803,1454,257,1734,1057,0.5,0,window_08_draft_black_customer_right_shelf_VERIFY
1464,804,1738,257,2073,1122,1.0,0,window_08_draft_red_blue_striped_customer_VERIFY
1465,801,255,210,510,1000,1.0,0,window_08_draft_left_white_hijab_VERIFY
1465,802,712,185,1018,905,0.5,0,window_08_draft_green_customer_centre_VERIFY
1465,803,1455,258,1735,1058,0.5,0,window_08_draft_black_customer_right_shelf_VERIFY
1465,804,1740,258,2075,1122,1.0,0,window_08_draft_red_blue_striped_customer_VERIFY
1466,801,254,211,509,1001,1.0,0,window_08_draft_left_white_hijab_VERIFY
1466,802,713,185,1018,905,0.5,0,window_08_draft_green_customer_centre_VERIFY
1466,803,1456,258,1736,1058,0.5,0,window_08_draft_black_customer_right_shelf_VERIFY
1466,804,1742,258,2077,1123,1.0,0,window_08_draft_red_blue_striped_customer_VERIFY
1467,801,253,212,508,1002,1.0,0,window_08_draft_left_white_hijab_VERIFY
1467,802,714,185,1018,905,0.5,0,window_08_draft_green_customer_centre_VERIFY
1467,803,1457,258,1737,1058,0.5,0,window_08_draft_black_customer_right_shelf_VERIFY
1467,804,1744,258,2079,1124,1.0,0,window_08_draft_red_blue_striped_customer_VERIFY
1468,801,252,213,507,1003,1.0,0,window_08_draft_left_white_hijab_VERIFY
1468,802,714,186,1019,906,0.5,0,window_08_draft_green_customer_centre_VERIFY
1468,803,1458,259,1738,1059,0.5,0,window_08_draft_black_customer_right_shelf_VERIFY
1468,804,1746,259,2081,1124,1.0,0,window_08_draft_red_blue_striped_customer_VERIFY
1469,801,251,214,506,1004,1.0,0,window_08_draft_left_white_hijab_VERIFY
1469,802,714,186,1020,906,0.5,0,window_08_draft_green_customer_centre_VERIFY
1469,803,1459,260,1739,1060,0.5,0,window_08_draft_black_customer_right_shelf_VERIFY
1469,804,1748,260,2083,1124,1.0,0,window_08_draft_red_blue_striped_customer_VERIFY
1710,901,300,170,555,970,1.0,0,window_09_draft_left_white_hijab_VERIFY
1710,902,720,170,1040,925,0.5,0,window_09_draft_centre_black_customer_VERIFY
1710,903,1390,240,1705,1045,0.5,0,window_09_draft_right_shelf_customer_VERIFY
1710,904,1705,370,2050,1180,0.5,0,window_09_draft_bottom_right_black_customer_VERIFY
1711,901,300,170,554,970,1.0,0,window_09_draft_left_white_hijab_VERIFY
1711,902,721,170,1041,926,0.5,0,window_09_draft_centre_black_customer_VERIFY
1711,903,1391,240,1706,1046,0.5,0,window_09_draft_right_shelf_customer_VERIFY
1711,904,1707,371,2052,1181,0.5,0,window_09_draft_bottom_right_black_customer_VERIFY
1712,901,299,171,554,971,1.0,0,window_09_draft_left_white_hijab_VERIFY
1712,902,722,171,1042,926,0.5,0,window_09_draft_centre_black_customer_VERIFY
1712,903,1392,241,1707,1046,0.5,0,window_09_draft_right_shelf_customer_VERIFY
1712,904,1709,372,2054,1182,0.5,0,window_09_draft_bottom_right_black_customer_VERIFY
1713,901,298,172,554,972,1.0,0,window_09_draft_left_white_hijab_VERIFY
1713,902,723,172,1043,926,0.5,0,window_09_draft_centre_black_customer_VERIFY
1713,903,1393,242,1708,1046,0.5,0,window_09_draft_right_shelf_customer_VERIFY
1713,904,1711,373,2056,1183,0.5,0,window_09_draft_bottom_right_black_customer_VERIFY
1714,901,298,172,553,972,1.0,0,window_09_draft_left_white_hijab_VERIFY
1714,902,724,172,1044,927,0.5,0,window_09_draft_centre_black_customer_VERIFY
1714,903,1394,242,1709,1047,0.5,0,window_09_draft_right_shelf_customer_VERIFY
1714,904,1713,374,2058,1184,0.5,0,window_09_draft_bottom_right_black_customer_VERIFY
1715,901,298,172,552,972,1.0,0,window_09_draft_left_white_hijab_VERIFY
1715,902,725,172,1045,928,0.5,0,window_09_draft_centre_black_customer_VERIFY
1715,903,1395,242,1710,1048,0.5,0,window_09_draft_right_shelf_customer_VERIFY
1715,904,1715,375,2060,1185,0.5,0,window_09_draft_bottom_right_black_customer_VERIFY
1716,901,297,173,552,973,1.0,0,window_09_draft_left_white_hijab_VERIFY
1716,902,726,173,1046,928,0.5,0,window_09_draft_centre_black_customer_VERIFY
1716,903,1396,243,1711,1048,0.5,0,window_09_draft_right_shelf_customer_VERIFY
1716,904,1717,376,2062,1186,0.5,0,window_09_draft_bottom_right_black_customer_VERIFY
1717,901,296,174,552,974,1.0,0,window_09_draft_left_white_hijab_VERIFY
1717,902,727,174,1047,928,0.5,0,window_09_draft_centre_black_customer_VERIFY
1717,903,1397,244,1712,1048,0.5,0,window_09_draft_right_shelf_customer_VERIFY
1717,904,1719,377,2064,1187,0.5,0,window_09_draft_bottom_right_black_customer_VERIFY
1718,901,296,174,551,974,1.0,0,window_09_draft_left_white_hijab_VERIFY
1718,902,728,174,1048,929,0.5,0,window_09_draft_centre_black_customer_VERIFY
1718,903,1398,244,1713,1049,0.5,0,window_09_draft_right_shelf_customer_VERIFY
1718,904,1721,378,2066,1188,0.5,0,window_09_draft_bottom_right_black_customer_VERIFY
1719,901,296,174,550,974,1.0,0,window_09_draft_left_white_hijab_VERIFY
1719,902,729,174,1049,930,0.5,0,window_09_draft_centre_black_customer_VERIFY
1719,903,1399,244,1714,1050,0.5,0,window_09_draft_right_shelf_customer_VERIFY
1719,904,1723,379,2068,1189,0.5,0,window_09_draft_bottom_right_black_customer_VERIFY
1720,901,295,175,550,975,1.0,0,window_09_draft_left_white_hijab_VERIFY
1720,902,730,175,1050,930,0.5,0,window_09_draft_centre_black_customer_VERIFY
1720,903,1400,245,1715,1050,0.5,0,window_09_draft_right_shelf_customer_VERIFY
1720,904,1725,380,2070,1190,0.5,0,window_09_draft_bottom_right_black_customer_VERIFY
1721,901,294,176,550,976,1.0,0,window_09_draft_left_white_hijab_VERIFY
1721,902,731,176,1051,930,0.5,0,window_09_draft_centre_black_customer_VERIFY
1721,903,1401,246,1716,1050,0.5,0,window_09_draft_right_shelf_customer_VERIFY
1721,904,1727,381,2072,1191,0.5,0,window_09_draft_bottom_right_black_customer_VERIFY
1722,901,294,176,549,976,1.0,0,window_09_draft_left_white_hijab_VERIFY
1722,902,732,176,1052,931,0.5,0,window_09_draft_centre_black_customer_VERIFY
1722,903,1402,246,1717,1051,0.5,0,window_09_draft_right_shelf_customer_VERIFY
1722,904,1729,382,2074,1192,0.5,0,window_09_draft_bottom_right_black_customer_VERIFY
1723,901,294,176,548,976,1.0,0,window_09_draft_left_white_hijab_VERIFY
1723,902,733,176,1053,932,0.5,0,window_09_draft_centre_black_customer_VERIFY
1723,903,1403,246,1718,1052,0.5,0,window_09_draft_right_shelf_customer_VERIFY
1723,904,1731,383,2076,1193,0.5,0,window_09_draft_bottom_right_black_customer_VERIFY
1724,901,293,177,548,977,1.0,0,window_09_draft_left_white_hijab_VERIFY
1724,902,734,177,1054,932,0.5,0,window_09_draft_centre_black_customer_VERIFY
1724,903,1404,247,1719,1052,0.5,0,window_09_draft_right_shelf_customer_VERIFY
1724,904,1733,384,2078,1194,0.5,0,window_09_draft_bottom_right_black_customer_VERIFY
1725,901,292,178,548,978,1.0,0,window_09_draft_left_white_hijab_VERIFY
1725,902,735,178,1055,932,0.5,0,window_09_draft_centre_black_customer_VERIFY
1725,903,1405,248,1720,1052,0.5,0,window_09_draft_right_shelf_customer_VERIFY
1725,904,1735,385,2080,1195,0.5,0,window_09_draft_bottom_right_black_customer_VERIFY
1726,901,292,178,547,978,1.0,0,window_09_draft_left_white_hijab_VERIFY
1726,902,736,178,1056,933,0.5,0,window_09_draft_centre_black_customer_VERIFY
1726,903,1406,248,1721,1053,0.5,0,window_09_draft_right_shelf_customer_VERIFY
1726,904,1737,386,2082,1196,0.5,0,window_09_draft_bottom_right_black_customer_VERIFY
1727,901,292,178,546,978,1.0,0,window_09_draft_left_white_hijab_VERIFY
1727,902,737,178,1057,934,0.5,0,window_09_draft_centre_black_customer_VERIFY
1727,903,1407,248,1722,1054,0.5,0,window_09_draft_right_shelf_customer_VERIFY
1727,904,1739,387,2084,1197,0.5,0,window_09_draft_bottom_right_black_customer_VERIFY
1728,901,291,179,546,979,1.0,0,window_09_draft_left_white_hijab_VERIFY
1728,902,738,179,1058,934,0.5,0,window_09_draft_centre_black_customer_VERIFY
1728,903,1408,249,1723,1054,0.5,0,window_09_draft_right_shelf_customer_VERIFY
1728,904,1741,388,2086,1198,0.5,0,window_09_draft_bottom_right_black_customer_VERIFY
1729,901,290,180,546,980,1.0,0,window_09_draft_left_white_hijab_VERIFY
1729,902,739,180,1059,934,0.5,0,window_09_draft_centre_black_customer_VERIFY
1729,903,1409,250,1724,1054,0.5,0,window_09_draft_right_shelf_customer_VERIFY
1729,904,1743,389,2088,1199,0.5,0,window_09_draft_bottom_right_black_customer_VERIFY
1730,901,290,180,545,980,1.0,0,window_09_draft_left_white_hijab_VERIFY
1730,902,740,180,1060,935,0.5,0,window_09_draft_centre_black_customer_VERIFY
1730,903,1410,250,1725,1055,0.5,0,window_09_draft_right_shelf_customer_VERIFY
1730,904,1745,390,2090,1200,0.5,0,window_09_draft_bottom_right_black_customer_VERIFY
1731,901,290,180,544,980,1.0,0,window_09_draft_left_white_hijab_VERIFY
1731,902,741,180,1061,936,0.5,0,window_09_draft_centre_black_customer_VERIFY
1731,903,1411,250,1726,1056,0.5,0,window_09_draft_right_shelf_customer_VERIFY
1731,904,1747,391,2092,1201,0.5,0,window_09_draft_bottom_right_black_customer_VERIFY
1732,901,289,181,544,981,1.0,0,window_09_draft_left_white_hijab_VERIFY
1732,902,742,181,1062,936,0.5,0,window_09_draft_centre_black_customer_VERIFY
1732,903,1412,251,1727,1056,0.5,0,window_09_draft_right_shelf_customer_VERIFY
1732,904,1749,392,2094,1202,0.5,0,window_09_draft_bottom_right_black_customer_VERIFY
1733,901,288,182,544,982,1.0,0,window_09_draft_left_white_hijab_VERIFY
1733,902,743,182,1063,936,0.5,0,window_09_draft_centre_black_customer_VERIFY
1733,903,1413,252,1728,1056,0.5,0,window_09_draft_right_shelf_customer_VERIFY
1733,904,1751,393,2096,1203,0.5,0,window_09_draft_bottom_right_black_customer_VERIFY
1734,901,288,182,543,982,1.0,0,window_09_draft_left_white_hijab_VERIFY
1734,902,744,182,1064,937,0.5,0,window_09_draft_centre_black_customer_VERIFY
1734,903,1414,252,1729,1057,0.5,0,window_09_draft_right_shelf_customer_VERIFY
1734,904,1753,394,2098,1204,0.5,0,window_09_draft_bottom_right_black_customer_VERIFY
1735,901,288,182,542,982,1.0,0,window_09_draft_left_white_hijab_VERIFY
1735,902,745,182,1065,938,0.5,0,window_09_draft_centre_black_customer_VERIFY
1735,903,1415,252,1730,1058,0.5,0,window_09_draft_right_shelf_customer_VERIFY
1735,904,1755,395,2100,1205,0.5,0,window_09_draft_bottom_right_black_customer_VERIFY
1736,901,287,183,542,983,1.0,0,window_09_draft_left_white_hijab_VERIFY
1736,902,746,183,1066,938,0.5,0,window_09_draft_centre_black_customer_VERIFY
1736,903,1416,253,1731,1058,0.5,0,window_09_draft_right_shelf_customer_VERIFY
1736,904,1757,396,2102,1206,0.5,0,window_09_draft_bottom_right_black_customer_VERIFY
1737,901,286,184,542,984,1.0,0,window_09_draft_left_white_hijab_VERIFY
1737,902,747,184,1067,938,0.5,0,window_09_draft_centre_black_customer_VERIFY
1737,903,1417,254,1732,1058,0.5,0,window_09_draft_right_shelf_customer_VERIFY
1737,904,1759,397,2104,1207,0.5,0,window_09_draft_bottom_right_black_customer_VERIFY
1738,901,286,184,541,984,1.0,0,window_09_draft_left_white_hijab_VERIFY
1738,902,748,184,1068,939,0.5,0,window_09_draft_centre_black_customer_VERIFY
1738,903,1418,254,1733,1059,0.5,0,window_09_draft_right_shelf_customer_VERIFY
1738,904,1761,398,2106,1208,0.5,0,window_09_draft_bottom_right_black_customer_VERIFY
1739,901,286,184,540,984,1.0,0,window_09_draft_left_white_hijab_VERIFY
1739,902,749,184,1069,940,0.5,0,window_09_draft_centre_black_customer_VERIFY
1739,903,1419,254,1734,1060,0.5,0,window_09_draft_right_shelf_customer_VERIFY
1739,904,1763,399,2108,1209,0.5,0,window_09_draft_bottom_right_black_customer_VERIFY
360,201,310,175,535,900,1.0,0,window_02_draft_left_white_hijab_VERIFY
360,202,1195,245,1465,965,0.5,0,window_02_draft_right_black_customer_VERIFY
360,203,820,145,1145,620,0.5,0,window_02_draft_pink_occluded_customer_VERIFY
361,201,309,175,534,900,1.0,0,window_02_draft_left_white_hijab_VERIFY
361,202,1197,245,1467,965,0.5,0,window_02_draft_right_black_customer_VERIFY
361,203,820,145,1146,620,0.5,0,window_02_draft_pink_occluded_customer_VERIFY
362,201,308,175,533,900,1.0,0,window_02_draft_left_white_hijab_VERIFY
362,202,1199,245,1469,965,0.5,0,window_02_draft_right_black_customer_VERIFY
362,203,821,145,1146,620,0.5,0,window_02_draft_pink_occluded_customer_VERIFY
363,201,307,175,532,900,1.0,0,window_02_draft_left_white_hijab_VERIFY
363,202,1201,245,1471,965,0.5,0,window_02_draft_right_black_customer_VERIFY
363,203,822,145,1146,620,0.5,0,window_02_draft_pink_occluded_customer_VERIFY
364,201,306,175,531,900,1.0,0,window_02_draft_left_white_hijab_VERIFY
364,202,1203,245,1473,965,0.5,0,window_02_draft_right_black_customer_VERIFY
364,203,822,145,1147,620,0.5,0,window_02_draft_pink_occluded_customer_VERIFY
365,201,305,175,530,900,1.0,0,window_02_draft_left_white_hijab_VERIFY
365,202,1205,245,1475,965,0.5,0,window_02_draft_right_black_customer_VERIFY
365,203,822,145,1148,620,0.5,0,window_02_draft_pink_occluded_customer_VERIFY
366,201,304,175,529,900,1.0,0,window_02_draft_left_white_hijab_VERIFY
366,202,1207,245,1477,965,0.5,0,window_02_draft_right_black_customer_VERIFY
366,203,823,145,1148,620,0.5,0,window_02_draft_pink_occluded_customer_VERIFY
367,201,303,175,528,900,1.0,0,window_02_draft_left_white_hijab_VERIFY
367,202,1209,245,1479,965,0.5,0,window_02_draft_right_black_customer_VERIFY
367,203,824,145,1148,620,0.5,0,window_02_draft_pink_occluded_customer_VERIFY
368,201,302,175,527,900,1.0,0,window_02_draft_left_white_hijab_VERIFY
368,202,1211,245,1481,965,0.5,0,window_02_draft_right_black_customer_VERIFY
368,203,824,145,1149,620,0.5,0,window_02_draft_pink_occluded_customer_VERIFY
369,201,301,175,526,900,1.0,0,window_02_draft_left_white_hijab_VERIFY
369,202,1213,245,1483,965,0.5,0,window_02_draft_right_black_customer_VERIFY
369,203,824,145,1150,620,0.5,0,window_02_draft_pink_occluded_customer_VERIFY
370,201,300,175,525,900,1.0,0,window_02_draft_left_white_hijab_VERIFY
370,202,1215,245,1485,965,0.5,0,window_02_draft_right_black_customer_VERIFY
370,203,825,145,1150,620,0.5,0,window_02_draft_pink_occluded_customer_VERIFY
371,201,299,175,524,900,1.0,0,window_02_draft_left_white_hijab_VERIFY
371,202,1217,245,1487,965,0.5,0,window_02_draft_right_black_customer_VERIFY
371,203,826,145,1150,620,0.5,0,window_02_draft_pink_occluded_customer_VERIFY
372,201,298,175,523,900,1.0,0,window_02_draft_left_white_hijab_VERIFY
372,202,1219,245,1489,965,0.5,0,window_02_draft_right_black_customer_VERIFY
372,203,826,145,1151,620,0.5,0,window_02_draft_pink_occluded_customer_VERIFY
373,201,297,175,522,900,1.0,0,window_02_draft_left_white_hijab_VERIFY
373,202,1221,245,1491,965,0.5,0,window_02_draft_right_black_customer_VERIFY
373,203,826,145,1152,620,0.5,0,window_02_draft_pink_occluded_customer_VERIFY
374,201,296,175,521,900,1.0,0,window_02_draft_left_white_hijab_VERIFY
374,202,1223,245,1493,965,0.5,0,window_02_draft_right_black_customer_VERIFY
374,203,827,145,1152,620,0.5,0,window_02_draft_pink_occluded_customer_VERIFY
375,201,295,175,520,900,1.0,0,window_02_draft_left_white_hijab_VERIFY
375,202,1225,245,1495,965,0.5,0,window_02_draft_right_black_customer_VERIFY
375,203,828,145,1152,620,0.5,0,window_02_draft_pink_occluded_customer_VERIFY
376,201,294,175,519,900,1.0,0,window_02_draft_left_white_hijab_VERIFY
376,202,1227,245,1497,965,0.5,0,window_02_draft_right_black_customer_VERIFY
376,203,828,145,1153,620,0.5,0,window_02_draft_pink_occluded_customer_VERIFY
377,201,293,175,518,900,1.0,0,window_02_draft_left_white_hijab_VERIFY
377,202,1229,245,1499,965,0.5,0,window_02_draft_right_black_customer_VERIFY
377,203,828,145,1154,620,0.5,0,window_02_draft_pink_occluded_customer_VERIFY
378,201,292,175,517,900,1.0,0,window_02_draft_left_white_hijab_VERIFY
378,202,1231,245,1501,965,0.5,0,window_02_draft_right_black_customer_VERIFY
378,203,829,145,1154,620,0.5,0,window_02_draft_pink_occluded_customer_VERIFY
379,201,291,175,516,900,1.0,0,window_02_draft_left_white_hijab_VERIFY
379,202,1233,245,1503,965,0.5,0,window_02_draft_right_black_customer_VERIFY
379,203,830,145,1154,620,0.5,0,window_02_draft_pink_occluded_customer_VERIFY
380,201,290,175,515,900,1.0,0,window_02_draft_left_white_hijab_VERIFY
380,202,1235,245,1505,965,0.5,0,window_02_draft_right_black_customer_VERIFY
380,203,830,145,1155,620,0.5,0,window_02_draft_pink_occluded_customer_VERIFY
381,201,289,175,514,900,1.0,0,window_02_draft_left_white_hijab_VERIFY
381,202,1237,245,1507,965,0.5,0,window_02_draft_right_black_customer_VERIFY
381,203,830,145,1156,620,0.5,0,window_02_draft_pink_occluded_customer_VERIFY
382,201,288,175,513,900,1.0,0,window_02_draft_left_white_hijab_VERIFY
382,202,1239,245,1509,965,0.5,0,window_02_draft_right_black_customer_VERIFY
382,203,831,145,1156,620,0.5,0,window_02_draft_pink_occluded_customer_VERIFY
383,201,287,175,512,900,1.0,0,window_02_draft_left_white_hijab_VERIFY
383,202,1241,245,1511,965,0.5,0,window_02_draft_right_black_customer_VERIFY
383,203,832,145,1156,620,0.5,0,window_02_draft_pink_occluded_customer_VERIFY
384,201,286,175,511,900,1.0,0,window_02_draft_left_white_hijab_VERIFY
384,202,1243,245,1513,965,0.5,0,window_02_draft_right_black_customer_VERIFY
384,203,832,145,1157,620,0.5,0,window_02_draft_pink_occluded_customer_VERIFY
385,201,285,175,510,900,1.0,0,window_02_draft_left_white_hijab_VERIFY
385,202,1245,245,1515,965,0.5,0,window_02_draft_right_black_customer_VERIFY
385,203,832,145,1158,620,0.5,0,window_02_draft_pink_occluded_customer_VERIFY
386,201,284,175,509,900,1.0,0,window_02_draft_left_white_hijab_VERIFY
386,202,1247,245,1517,965,0.5,0,window_02_draft_right_black_customer_VERIFY
386,203,833,145,1158,620,0.5,0,window_02_draft_pink_occluded_customer_VERIFY
387,201,283,175,508,900,1.0,0,window_02_draft_left_white_hijab_VERIFY
387,202,1249,245,1519,965,0.5,0,window_02_draft_right_black_customer_VERIFY
387,203,834,145,1158,620,0.5,0,window_02_draft_pink_occluded_customer_VERIFY
388,201,282,175,507,900,1.0,0,window_02_draft_left_white_hijab_VERIFY
388,202,1251,245,1521,965,0.5,0,window_02_draft_right_black_customer_VERIFY
388,203,834,145,1159,620,0.5,0,window_02_draft_pink_occluded_customer_VERIFY
389,201,281,175,506,900,1.0,0,window_02_draft_left_white_hijab_VERIFY
389,202,1253,245,1523,965,0.5,0,window_02_draft_right_black_customer_VERIFY
389,203,834,145,1160,620,0.5,0,window_02_draft_pink_occluded_customer_VERIFY
540,301,295,180,520,900,1.0,0,window_03_draft_left_white_hijab_VERIFY
540,302,1260,245,1535,970,0.5,0,window_03_draft_right_black_customer_VERIFY
540,303,820,145,1150,620,0.5,0,window_03_draft_pink_occluded_customer_VERIFY
541,301,294,180,519,900,1.0,0,window_03_draft_left_white_hijab_VERIFY
541,302,1262,245,1537,970,0.5,0,window_03_draft_right_black_customer_VERIFY
541,303,820,145,1150,620,0.5,0,window_03_draft_pink_occluded_customer_VERIFY
542,301,293,180,518,900,1.0,0,window_03_draft_left_white_hijab_VERIFY
542,302,1264,245,1539,970,0.5,0,window_03_draft_right_black_customer_VERIFY
542,303,821,145,1151,620,0.5,0,window_03_draft_pink_occluded_customer_VERIFY
543,301,292,180,517,900,1.0,0,window_03_draft_left_white_hijab_VERIFY
543,302,1266,245,1541,970,0.5,0,window_03_draft_right_black_customer_VERIFY
543,303,822,145,1152,620,0.5,0,window_03_draft_pink_occluded_customer_VERIFY
544,301,291,180,516,900,1.0,0,window_03_draft_left_white_hijab_VERIFY
544,302,1268,245,1543,970,0.5,0,window_03_draft_right_black_customer_VERIFY
544,303,822,145,1152,620,0.5,0,window_03_draft_pink_occluded_customer_VERIFY
545,301,290,180,515,900,1.0,0,window_03_draft_left_white_hijab_VERIFY
545,302,1270,245,1545,970,0.5,0,window_03_draft_right_black_customer_VERIFY
545,303,822,145,1152,620,0.5,0,window_03_draft_pink_occluded_customer_VERIFY
546,301,289,180,514,900,1.0,0,window_03_draft_left_white_hijab_VERIFY
546,302,1272,245,1547,970,0.5,0,window_03_draft_right_black_customer_VERIFY
546,303,823,145,1153,620,0.5,0,window_03_draft_pink_occluded_customer_VERIFY
547,301,288,180,513,900,1.0,0,window_03_draft_left_white_hijab_VERIFY
547,302,1274,245,1549,970,0.5,0,window_03_draft_right_black_customer_VERIFY
547,303,824,145,1154,620,0.5,0,window_03_draft_pink_occluded_customer_VERIFY
548,301,287,180,512,900,1.0,0,window_03_draft_left_white_hijab_VERIFY
548,302,1276,245,1551,970,0.5,0,window_03_draft_right_black_customer_VERIFY
548,303,824,145,1154,620,0.5,0,window_03_draft_pink_occluded_customer_VERIFY
549,301,286,180,511,900,1.0,0,window_03_draft_left_white_hijab_VERIFY
549,302,1278,245,1553,970,0.5,0,window_03_draft_right_black_customer_VERIFY
549,303,824,145,1154,620,0.5,0,window_03_draft_pink_occluded_customer_VERIFY
550,301,285,180,510,900,1.0,0,window_03_draft_left_white_hijab_VERIFY
550,302,1280,245,1555,970,0.5,0,window_03_draft_right_black_customer_VERIFY
550,303,825,145,1155,620,0.5,0,window_03_draft_pink_occluded_customer_VERIFY
551,301,284,180,509,900,1.0,0,window_03_draft_left_white_hijab_VERIFY
551,302,1282,245,1557,970,0.5,0,window_03_draft_right_black_customer_VERIFY
551,303,826,145,1156,620,0.5,0,window_03_draft_pink_occluded_customer_VERIFY
552,301,283,180,508,900,1.0,0,window_03_draft_left_white_hijab_VERIFY
552,302,1284,245,1559,970,0.5,0,window_03_draft_right_black_customer_VERIFY
552,303,826,145,1156,620,0.5,0,window_03_draft_pink_occluded_customer_VERIFY
553,301,282,180,507,900,1.0,0,window_03_draft_left_white_hijab_VERIFY
553,302,1286,245,1561,970,0.5,0,window_03_draft_right_black_customer_VERIFY
553,303,826,145,1156,620,0.5,0,window_03_draft_pink_occluded_customer_VERIFY
554,301,281,180,506,900,1.0,0,window_03_draft_left_white_hijab_VERIFY
554,302,1288,245,1563,970,0.5,0,window_03_draft_right_black_customer_VERIFY
554,303,827,145,1157,620,0.5,0,window_03_draft_pink_occluded_customer_VERIFY
555,301,280,180,505,900,1.0,0,window_03_draft_left_white_hijab_VERIFY
555,302,1290,245,1565,970,0.5,0,window_03_draft_right_black_customer_VERIFY
555,303,828,145,1158,620,0.5,0,window_03_draft_pink_occluded_customer_VERIFY
556,301,279,180,504,900,1.0,0,window_03_draft_left_white_hijab_VERIFY
556,302,1292,245,1567,970,0.5,0,window_03_draft_right_black_customer_VERIFY
556,303,828,145,1158,620,0.5,0,window_03_draft_pink_occluded_customer_VERIFY
557,301,278,180,503,900,1.0,0,window_03_draft_left_white_hijab_VERIFY
557,302,1294,245,1569,970,0.5,0,window_03_draft_right_black_customer_VERIFY
557,303,828,145,1158,620,0.5,0,window_03_draft_pink_occluded_customer_VERIFY
558,301,277,180,502,900,1.0,0,window_03_draft_left_white_hijab_VERIFY
558,302,1296,245,1571,970,0.5,0,window_03_draft_right_black_customer_VERIFY
558,303,829,145,1159,620,0.5,0,window_03_draft_pink_occluded_customer_VERIFY
559,301,276,180,501,900,1.0,0,window_03_draft_left_white_hijab_VERIFY
559,302,1298,245,1573,970,0.5,0,window_03_draft_right_black_customer_VERIFY
559,303,830,145,1160,620,0.5,0,window_03_draft_pink_occluded_customer_VERIFY
560,301,275,180,500,900,1.0,0,window_03_draft_left_white_hijab_VERIFY
560,302,1300,245,1575,970,0.5,0,window_03_draft_right_black_customer_VERIFY
560,303,830,145,1160,620,0.5,0,window_03_draft_pink_occluded_customer_VERIFY
561,301,274,180,499,900,1.0,0,window_03_draft_left_white_hijab_VERIFY
561,302,1302,245,1577,970,0.5,0,window_03_draft_right_black_customer_VERIFY
561,303,830,145,1160,620,0.5,0,window_03_draft_pink_occluded_customer_VERIFY
562,301,273,180,498,900,1.0,0,window_03_draft_left_white_hijab_VERIFY
562,302,1304,245,1579,970,0.5,0,window_03_draft_right_black_customer_VERIFY
562,303,831,145,1161,620,0.5,0,window_03_draft_pink_occluded_customer_VERIFY
563,301,272,180,497,900,1.0,0,window_03_draft_left_white_hijab_VERIFY
563,302,1306,245,1581,970,0.5,0,window_03_draft_right_black_customer_VERIFY
563,303,832,145,1162,620,0.5,0,window_03_draft_pink_occluded_customer_VERIFY
564,301,271,180,496,900,1.0,0,window_03_draft_left_white_hijab_VERIFY
564,302,1308,245,1583,970,0.5,0,window_03_draft_right_black_customer_VERIFY
564,303,832,145,1162,620,0.5,0,window_03_draft_pink_occluded_customer_VERIFY
565,301,270,180,495,900,1.0,0,window_03_draft_left_white_hijab_VERIFY
565,302,1310,245,1585,970,0.5,0,window_03_draft_right_black_customer_VERIFY
565,303,832,145,1162,620,0.5,0,window_03_draft_pink_occluded_customer_VERIFY
566,301,269,180,494,900,1.0,0,window_03_draft_left_white_hijab_VERIFY
566,302,1312,245,1587,970,0.5,0,window_03_draft_right_black_customer_VERIFY
566,303,833,145,1163,620,0.5,0,window_03_draft_pink_occluded_customer_VERIFY
567,301,268,180,493,900,1.0,0,window_03_draft_left_white_hijab_VERIFY
567,302,1314,245,1589,970,0.5,0,window_03_draft_right_black_customer_VERIFY
567,303,834,145,1164,620,0.5,0,window_03_draft_pink_occluded_customer_VERIFY
568,301,267,180,492,900,1.0,0,window_03_draft_left_white_hijab_VERIFY
568,302,1316,245,1591,970,0.5,0,window_03_draft_right_black_customer_VERIFY
568,303,834,145,1164,620,0.5,0,window_03_draft_pink_occluded_customer_VERIFY
569,301,266,180,491,900,1.0,0,window_03_draft_left_white_hijab_VERIFY
569,302,1318,245,1593,970,0.5,0,window_03_draft_right_black_customer_VERIFY
569,303,834,145,1164,620,0.5,0,window_03_draft_pink_occluded_customer_VERIFY
