subset_frame_idx,original_frame_idx,window_id,video_path,image_path,notes
0,0,0,/Users/ohqishean/AIC-REID/data/raw/retail-shop/CAM1.mp4,/Users/ohqishean/AIC-REID/experiments/dense_mot_cam1/frames/cam1_f000000.jpg,window_based_dense_subset;early_scene_entry_and_initial_tracks
1,1,0,/Users/ohqishean/AIC-REID/data/raw/retail-shop/CAM1.mp4,/Users/ohqishean/AIC-REID/experiments/dense_mot_cam1/frames/cam1_f000001.jpg,window_based_dense_subset;early_scene_entry_and_initial_tracks
2,2,0,/Users/ohqishean/AIC-REID/data/raw/retail-shop/CAM1.mp4,/Users/ohqishean/AIC-REID/experiments/dense_mot_cam1/frames/cam1_f000002.jpg,window_based_dense_subset;early_scene_entry_and_initial_tracks
3,3,0,/Users/ohqishean/AIC-REID/data/raw/retail-shop/CAM1.mp4,/Users/ohqishean/AIC-REID/experiments/dense_mot_cam1/frames/cam1_f000003.jpg,window_based_dense_subset;early_scene_entry_and_initial_tracks
4,4,0,/Users/ohqishean/AIC-REID/data/raw/retail-shop/CAM1.mp4,/Users/ohqishean/AIC-REID/experiments/dense_mot_cam1/frames/cam1_f000004.jpg,window_based_dense_subset;early_scene_entry_and_initial_tracks
5,5,0,/Users/ohqishean/AIC-REID/data/raw/retail-shop/CAM1.mp4,/Users/ohqishean/AIC-REID/experiments/dense_mot_cam1/frames/cam1_f000005.jpg,window_based_dense_subset;early_scene_entry_and_initial_tracks
6,6,0,/Users/ohqishean/AIC-REID/data/raw/retail-shop/CAM1.mp4,/Users/ohqishean/AIC-REID/experiments/dense_mot_cam1/frames/cam1_f000006.jpg,window_based_dense_subset;early_scene_entry_and_initial_tracks
7,7,0,/Users/ohqishean/AIC-REID/data/raw/retail-shop/CAM1.mp4,/Users/ohqishean/AIC-REID/experiments/dense_mot_cam1/frames/cam1_f000007.jpg,window_based_dense_subset;early_scene_entry_and_initial_tracks
8,8,0,/Users/ohqishean/AIC-REID/data/raw/retail-shop/CAM1.mp4,/Users/ohqishean/AIC-REID/experiments/dense_mot_cam1/frames/cam1_f000008.jpg,window_based_dense_subset;early_scene_entry_and_initial_tracks
9,9,0,/Users/ohqishean/AIC-REID/data/raw/retail-shop/CAM1.mp4,/Users/ohqishean/AIC-REID/experiments/dense_mot_cam1/frames/cam1_f000009.jpg,window_based_dense_subset;early_scene_entry_and_initial_tracks
10,10,0,/Users/ohqishean/AIC-REID/data/raw/retail-shop/CAM1.mp4,/Users/ohqishean/AIC-REID/experiments/dense_mot_cam1/frames/cam1_f000010.jpg,window_based_dense_subset;early_scene_entry_and_initial_tracks
11,11,0,/Users/ohqishean/AIC-REID/data/raw/retail-shop/CAM1.mp4,/Users/ohqishean/AIC-REID/experiments/dense_mot_cam1/frames/cam1_f000011.jpg,window_based_dense_subset;early_scene_entry_and_initial_tracks
12,12,0,/Users/ohqishean/AIC-REID/data/raw/retail-shop/CAM1.mp4,/Users/ohqishean/AIC-REID/experiments/dense_mot_cam1/frames/cam1_f000012.jpg,window_based_dense_subset;early_scene_entry_and_initial_tracks
13,13,0,/Users/ohqishean/AIC-REID/data/raw/retail-shop/CAM1.mp4,/Users/ohqishean/AIC-REID/experiments/dense_mot_cam1/frames/cam1_f000013.jpg,window_based_dense_subset;early_scene_entry_and_initial_tracks
14,14,0,/Users/ohqishean/AIC-REID/data/raw/retail-shop/CAM1.mp4,/Users/ohqishean/AIC-REID/experiments/dense_mot_cam1/frames/cam1_f000014.jpg,window_based_dense_subset;early_scene_entry_and_initial_tracks
15,15,0,/Users/ohqishean/AIC-REID/data/raw/retail-shop/CAM1.mp4,/Users/ohqishean/AIC-REID/experiments/dense_mot_cam1/frames/cam1_f000015.jpg,window_based_dense_subset;early_scene_entry_and_initial_tracks
16,16,0,/Users/ohqishean/AIC-REID/data/raw/retail-shop/CAM1.mp4,/Users/ohqishean/AIC-REID/experiments/dense_mot_cam1/frames/cam1_f000016.jpg,window_based_dense_subset;early_scene_entry_and_initial_tracks
17,17,0,/Users/ohqishean/AIC-REID/data/raw/retail-shop/CAM1.mp4,/Users/ohqishean/AIC-REID/experiments/dense_mot_cam1/frames/cam1_f000017.jpg,window_based_dense_subset;early_scene_entry_and_initial_tracks
18,18,0,/Users/ohqishean/AIC-REID/data/raw/retail-shop/CAM1.mp4,/Users/ohqishean/AIC-REID/experiments/dense_mot_cam1/frames/cam1_f000018.jpg,window_based_dense_subset;early_scene_entry_and_initial_tracks
19,19,0,/Users/ohqishean/AIC-REID/data/raw/retail-shop/CAM1.mp4,/Users/ohqishean/AIC-REID/experiments/dense_mot_cam1/frames/cam1_f000019.jpg,window_based_dense_subset;early_scene_entry_and_initial_tracks
20,20,0,/Users/ohqishean/AIC-REID/data/raw/retail-shop/CAM1.mp4,/Users/ohqishean/AIC-REID/experiments/dense_mot_cam1/frames/cam1_f000020.jpg,window_based_dense_subset;early_scene_entry_and_initial_tracks
21,21,0,/Users/ohqishean/AIC-REID/data/raw/retail-shop/CAM1.mp4,/Users/ohqishean/AIC-REID/experiments/dense_mot_cam1/frames/cam1_f000021.jpg,window_based_dense_subset;early_scene_entry_and_initial_tracks
22,22,0,/Users/ohqishean/AIC-REID/data/raw/retail-shop/CAM1.mp4,/Users/ohqishean/AIC-REID/experiments/dense_mot_cam1/frames/cam1_f000022.jpg,window_based_dense_subset;early_scene_entry_and_initial_tracks
23,23,0,/Users/ohqishean/AIC-REID/data/raw/retail-shop/CAM1.mp4,/Users/ohqishean/AIC-REID/experiments/dense_mot_cam1/frames/cam1_f000023.jpg,window_based_dense_subset;early_scene_entry_and_initial_tracks
24,24,0,/Users/ohqishean/AIC-REID/data/raw/retail-shop/CAM1.mp4,/Users/ohqishean/AIC-REID/experiments/dense_mot_cam1/frames/cam1_f000024.jpg,window_based_dense_subset;early_scene_entry_and_initial_tracks
25,25,0,/Users/ohqishean/AIC-REID/data/raw/retail-shop/CAM1.mp4,/Users/ohqishean/AIC-REID/experiments/dense_mot_cam1/frames/cam1_f000025.jpg,window_based_dense_subset;early_scene_entry_and_initial_tracks
26,26,0,/Users/ohqishean/AIC-REID/data/raw/retail-shop/CAM1.mp4,/Users/ohqishean/AIC-REID/experiments/dense_mot_cam1/frames/cam1_f000026.jpg,window_based_dense_subset;early_scene_entry_and_initial_tracks
27,27,0,/Users/ohqishean/AIC-REID/data/raw/retail-shop/CAM1.mp4,/Users/ohqishean/AIC-REID/experiments/dense_mot_cam1/frames/cam1_f000027.jpg,window_based_dense_subset;early_scene_entry_and_initial_tracks
28,28,0,/Users/ohqishean/AIC-REID/data/raw/retail-shop/CAM1.mp4,/Users/ohqishean/AIC-REID/experiments/dense_mot_cam1/frames/cam1_f000028.jpg,window_based_dense_subset;early_scene_entry_and_initial_tracks
29,29,0,/Users/ohqishean/AIC-REID/data/raw/retail-shop/CAM1.mp4,/Users/ohqishean/AIC-REID/experiments/dense_mot_cam1/frames/cam1_f000029.jpg,window_based_dense_subset;early_scene_entry_and_initial_tracks
30,180,1,/Users/ohqishean/AIC-REID/data/raw/retail-shop/CAM1.mp4,/Users/ohqishean/AIC-REID/experiments/dense_mot_cam1/frames/cam1_f000180.jpg,window_based_dense_subset;early_crowding_and_crossing_candidate
31,181,1,/Users/ohqishean/AIC-REID/data/raw/retail-shop/CAM1.mp4,/Users/ohqishean/AIC-REID/experiments/dense_mot_cam1/frames/cam1_f000181.jpg,window_based_dense_subset;early_crowding_and_crossing_candidate
32,182,1,/Users/ohqishean/AIC-REID/data/raw/retail-shop/CAM1.mp4,/Users/ohqishean/AIC-REID/experiments/dense_mot_cam1/frames/cam1_f000182.jpg,window_based_dense_subset;early_crowding_and_crossing_candidate
33,183,1,/Users/ohqishean/AIC-REID/data/raw/retail-shop/CAM1.mp4,/Users/ohqishean/AIC-REID/experiments/dense_mot_cam1/frames/cam1_f000183.jpg,window_based_dense_subset;early_crowding_and_crossing_candidate
34,184,1,/Users/ohqishean/AIC-REID/data/raw/retail-shop/CAM1.mp4,/Users/ohqishean/AIC-REID/experiments/dense_mot_cam1/frames/cam1_f000184.jpg,window_based_dense_subset;early_crowding_and_crossing_candidate
35,185,1,/Users/ohqishean/AIC-REID/data/raw/retail-shop/CAM1.mp4,/Users/ohqishean/AIC-REID/experiments/dense_mot_cam1/frames/cam1_f000185.jpg,window_based_dense_subset;early_crowding_and_crossing_candidate
36,186,1,/Users/ohqishean/AIC-REID/data/raw/retail-shop/CAM1.mp4,/Users/ohqishean/AIC-REID/experiments/dense_mot_cam1/frames/cam1_f000186.jpg,window_based_dense_subset;early_crowding_and_crossing_candidate
37,187,1,/Users/ohqishean/AIC-REID/data/raw/retail-shop/CAM1.mp4,/Users/ohqishean/AIC-REID/experiments/dense_mot_cam1/frames/cam1_f000187.jpg,window_based_dense_subset;early_crowding_and_crossing_candidate
38,188,1,/Users/ohqishean/AIC-REID/data/raw/retail-shop/CAM1.mp4,/Users/ohqishean/AIC-REID/experiments/dense_mot_cam1/frames/cam1_f000188.jpg,window_based_dense_subset;early_crowding_and_crossing_candidate
39,189,1,/Users/ohqishean/AIC-REID/data/raw/retail-shop/CAM1.mp4,/Users/ohqishean/AIC-REID/experiments/dense_mot_cam1/frames/cam1_f000189.jpg,window_based_dense_subset;early_crowding_and_crossing_candidate
40,190,1,/Users/ohqishean/AIC-REID/data/raw/retail-shop/CAM1.mp4,/Users/ohqishean/AIC-REID/experiments/dense_mot_cam1/frames/cam1_f000190.jpg,window_based_dense_subset;early_crowding_and_crossing_candidate
41,191,1,/Users/ohqishean/AIC-REID/data/raw/retail-shop/CAM1.mp4,/Users/ohqishean/AIC-REID/experiments/dense_mot_cam1/frames/cam1_f000191.jpg,window_based_dense_subset;early_crowding_and_crossing_candidate
42,192,1,/Users/ohqishean/AIC-REID/data/raw/retail-shop/CAM1.mp4,/Users/ohqishean/AIC-REID/experiments/dense_mot_cam1/frames/cam1_f000192.jpg,window_based_dense_subset;early_crowding_and_crossing_candidate
43,193,1,/Users/ohqishean/AIC-REID/data/raw/retail-shop/CAM1.mp4,/Users/ohqishean/AIC-REID/experiments/dense_mot_cam1/frames/cam1_f000193.jpg,window_based_dense_subset;early_crowding_and_crossing_candidate
44,194,1,/Users/ohqishean/AIC-REID/data/raw/retail-shop/CAM1.mp4,/Users/ohqishean/AIC-REID/experiments/dense_mot_cam1/frames/cam1_f000194.jpg,window_based_dense_subset;early_crowding_and_crossing_candidate
45,195,1,/Users/ohqishean/AIC-REID/data/raw/retail-shop/CAM1.mp4,/Users/ohqishean/AIC-REID/experiments/dense_mot_cam1/frames/cam1_f000195.jpg,window_based_dense_subset;early_crowding_and_crossing_candidate
46,196,1,/Users/ohqishean/AIC-REID/data/raw/retail-shop/CAM1.mp4,/Users/ohqishean/AIC-REID/experiments/dense_mot_cam1/frames/cam1_f000196.jpg,window_based_dense_subset;early_crowding_and_crossing_candidate
47,197,1,/Users/ohqishean/AIC-REID/data/raw/retail-shop/CAM1.mp4,/Users/ohqishean/AIC-REID/experiments/dense_mot_cam1/frames/cam1_f000197.jpg,window_based_dense_subset;early_crowding_and_crossing_candidate
48,198,1,/Users/ohqishean/AIC-REID/data/raw/retail-shop/CAM1.mp4,/Users/ohqishean/AIC-REID/experiments/dense_mot_cam1/frames/cam1_f000198.jpg,window_based_dense_subset;early_crowding_and_crossing_candidate
49,199,1,/Users/ohqishean/AIC-REID/data/raw/retail-shop/CAM1.mp4,/Users/ohqishean/AIC-REID/experiments/dense_mot_cam1/frames/cam1_f000199.jpg,window_based_dense_subset;early_crowding_and_crossing_candidate
50,200,1,/Users/ohqishean/AIC-REID/data/raw/retail-shop/CAM1.mp4,/Users/ohqishean/AIC-REID/experiments/dense_mot_cam1/frames/cam1_f000200.jpg,window_based_dense_subset;early_crowding_and_crossing_candidate
51,201,1,/Users/ohqishean/AIC-REID/data/raw/retail-shop/CAM1.mp4,/Users/ohqishean/AIC-REID/experiments/dense_mot_cam1/frames/cam1_f000201.jpg,window_based_dense_subset;early_crowding_and_crossing_candidate
52,202,1,/Users/ohqishean/AIC-REID/data/raw/retail-shop/CAM1.mp4,/Users/ohqishean/AIC-REID/experiments/dense_mot_cam1/frames/cam1_f000202.jpg,window_based_dense_subset;early_crowding_and_crossing_candidate
53,203,1,/Users/ohqishean/AIC-REID/data/raw/retail-shop/CAM1.mp4,/Users/ohqishean/AIC-REID/experiments/dense_mot_cam1/frames/cam1_f000203.jpg,window_based_dense_subset;early_crowding_and_crossing_candidate
54,204,1,/Users/ohqishean/AIC-REID/data/raw/retail-shop/CAM1.mp4,/Users/ohqishean/AIC-REID/experiments/dense_mot_cam1/frames/cam1_f000204.jpg,window_based_dense_subset;early_crowding_and_crossing_candidate
55,205,1,/Users/ohqishean/AIC-REID/data/raw/retail-shop/CAM1.mp4,/Users/ohqishean/AIC-REID/experiments/dense_mot_cam1/frames/cam1_f000205.jpg,window_based_dense_subset;early_crowding_and_crossing_candidate
56,206,1,/Users/ohqishean/AIC-REID/data/raw/retail-shop/CAM1.mp4,/Users/ohqishean/AIC-REID/experiments/dense_mot_cam1/frames/cam1_f000206.jpg,window_based_dense_subset;early_crowding_and_crossing_candidate
57,207,1,/Users/ohqishean/AIC-REID/data/raw/retail-shop/CAM1.mp4,/Users/ohqishean/AIC-REID/experiments/dense_mot_cam1/frames/cam1_f000207.jpg,window_based_dense_subset;early_crowding_and_crossing_candidate
58,208,1,/Users/ohqishean/AIC-REID/data/raw/retail-shop/CAM1.mp4,/Users/ohqishean/AIC-REID/experiments/dense_mot_cam1/frames/cam1_f000208.jpg,window_based_dense_subset;early_crowding_and_crossing_candidate
59,209,1,/Users/ohqishean/AIC-REID/data/raw/retail-shop/CAM1.mp4,/Users/ohqishean/AIC-REID/experiments/dense_mot_cam1/frames/cam1_f000209.jpg,window_based_dense_subset;early_crowding_and_crossing_candidate
60,360,2,/Users/ohqishean/AIC-REID/data/raw/retail-shop/CAM1.mp4,/Users/ohqishean/AIC-REID/experiments/dense_mot_cam1/frames/cam1_f000360.jpg,window_based_dense_subset;mid_early_reentry_candidate
61,361,2,/Users/ohqishean/AIC-REID/data/raw/retail-shop/CAM1.mp4,/Users/ohqishean/AIC-REID/experiments/dense_mot_cam1/frames/cam1_f000361.jpg,window_based_dense_subset;mid_early_reentry_candidate
62,362,2,/Users/ohqishean/AIC-REID/data/raw/retail-shop/CAM1.mp4,/Users/ohqishean/AIC-REID/experiments/dense_mot_cam1/frames/cam1_f000362.jpg,window_based_dense_subset;mid_early_reentry_candidate
63,363,2,/Users/ohqishean/AIC-REID/data/raw/retail-shop/CAM1.mp4,/Users/ohqishean/AIC-REID/experiments/dense_mot_cam1/frames/cam1_f000363.jpg,window_based_dense_subset;mid_early_reentry_candidate
64,364,2,/Users/ohqishean/AIC-REID/data/raw/retail-shop/CAM1.mp4,/Users/ohqishean/AIC-REID/experiments/dense_mot_cam1/frames/cam1_f000364.jpg,window_based_dense_subset;mid_early_reentry_candidate
65,365,2,/Users/ohqishean/AIC-REID/data/raw/retail-shop/CAM1.mp4,/Users/ohqishean/AIC-REID/experiments/dense_mot_cam1/frames/cam1_f000365.jpg,window_based_dense_subset;mid_early_reentry_candidate
66,366,2,/Users/ohqishean/AIC-REID/data/raw/retail-shop/CAM1.mp4,/Users/ohqishean/AIC-REID/experiments/dense_mot_cam1/frames/cam1_f000366.jpg,window_based_dense_subset;mid_early_reentry_candidate
67,367,2,/Users/ohqishean/AIC-REID/data/raw/retail-shop/CAM1.mp4,/Users/ohqishean/AIC-REID/experiments/dense_mot_cam1/frames/cam1_f000367.jpg,window_based_dense_subset;mid_early_reentry_candidate
68,368,2,/Users/ohqishean/AIC-REID/data/raw/retail-shop/CAM1.mp4,/Users/ohqishean/AIC-REID/experiments/dense_mot_cam1/frames/cam1_f000368.jpg,window_based_dense_subset;mid_early_reentry_candidate
69,369,2,/Users/ohqishean/AIC-REID/data/raw/retail-shop/CAM1.mp4,/Users/ohqishean/AIC-REID/experiments/dense_mot_cam1/frames/cam1_f000369.jpg,window_based_dense_subset;mid_early_reentry_candidate
70,370,2,/Users/ohqishean/AIC-REID/data/raw/retail-shop/CAM1.mp4,/Users/ohqishean/AIC-REID/experiments/dense_mot_cam1/frames/cam1_f000370.jpg,window_based_dense_subset;mid_early_reentry_candidate
71,371,2,/Users/ohqishean/AIC-REID/data/raw/retail-shop/CAM1.mp4,/Users/ohqishean/AIC-REID/experiments/dense_mot_cam1/frames/cam1_f000371.jpg,window_based_dense_subset;mid_early_reentry_candidate
72,372,2,/Users/ohqishean/AIC-REID/data/raw/retail-shop/CAM1.mp4,/Users/ohqishean/AIC-REID/experiments/dense_mot_cam1/frames/cam1_f000372.jpg,window_based_dense_subset;mid_early_reentry_candidate
73,373,2,/Users/ohqishean/AIC-REID/data/raw/retail-shop/CAM1.mp4,/Users/ohqishean/AIC-REID/experiments/dense_mot_cam1/frames/cam1_f000373.jpg,window_based_dense_subset;mid_early_reentry_candidate
74,374,2,/Users/ohqishean/AIC-REID/data/raw/retail-shop/CAM1.mp4,/Users/ohqishean/AIC-REID/experiments/dense_mot_cam1/frames/cam1_f000374.jpg,window_based_dense_subset;mid_early_reentry_candidate
75,375,2,/Users/ohqishean/AIC-REID/data/raw/retail-shop/CAM1.mp4,/Users/ohqishean/AIC-REID/experiments/dense_mot_cam1/frames/cam1_f000375.jpg,window_based_dense_subset;mid_early_reentry_candidate
76,376,2,/Users/ohqishean/AIC-REID/data/raw/retail-shop/CAM1.mp4,/Users/ohqishean/AIC-REID/experiments/dense_mot_cam1/frames/cam1_f000376.jpg,window_based_dense_subset;mid_early_reentry_candidate
77,377,2,/Users/ohqishean/AIC-REID/data/raw/retail-shop/CAM1.mp4,/Users/ohqishean/AIC-REID/experiments/dense_mot_cam1/frames/cam1_f000377.jpg,window_based_dense_subset;mid_early_reentry_candidate
78,378,2,/Users/ohqishean/AIC-REID/data/raw/retail-shop/CAM1.mp4,/Users/ohqishean/AIC-REID/experiments/dense_mot_cam1/frames/cam1_f000378.jpg,window_based_dense_subset;mid_early_reentry_candidate
79,379,2,/Users/ohqishean/AIC-REID/data/raw/retail-shop/CAM1.mp4,/Users/ohqishean/AIC-REID/experiments/dense_mot_cam1/frames/cam1_f000379.jpg,window_based_dense_subset;mid_early_reentry_candidate
80,380,2,/Users/ohqishean/AIC-REID/data/raw/retail-shop/CAM1.mp4,/Users/ohqishean/AIC-REID/experiments/dense_mot_cam1/frames/cam1_f000380.jpg,window_based_dense_subset;mid_early_reentry_candidate
81,381,2,/Users/ohqishean/AIC-REID/data/raw/retail-shop/CAM1.mp4,/Users/ohqishean/AIC-REID/experiments/dense_mot_cam1/frames/cam1_f000381.jpg,window_based_dense_subset;mid_early_reentry_candidate
82,382,2,/Users/ohqishean/AIC-REID/data/raw/retail-shop/CAM1.mp4,/Users/ohqishean/AIC-REID/experiments/dense_mot_cam1/frames/cam1_f000382.jpg,window_based_dense_subset;mid_early_reentry_candidate
83,383,2,/Users/ohqishean/AIC-REID/data/raw/retail-shop/CAM1.mp4,/Users/ohqishean/AIC-REID/experiments/dense_mot_cam1/frames/cam1_f000383.jpg,window_based_dense_subset;mid_early_reentry_candidate
84,384,2,/Users/ohqishean/AIC-REID/data/raw/retail-shop/CAM1.mp4,/Users/ohqishean/AIC-REID/experiments/dense_mot_cam1/frames/cam1_f000384.jpg,window_based_dense_subset;mid_early_reentry_candidate
85,385,2,/Users/ohqishean/AIC-REID/data/raw/retail-shop/CAM1.mp4,/Users/ohqishean/AIC-REID/experiments/dense_mot_cam1/frames/cam1_f000385.jpg,window_based_dense_subset;mid_early_reentry_candidate
86,386,2,/Users/ohqishean/AIC-REID/data/raw/retail-shop/CAM1.mp4,/Users/ohqishean/AIC-REID/experiments/dense_mot_cam1/frames/cam1_f000386.jpg,window_based_dense_subset;mid_early_reentry_candidate
87,387,2,/Users/ohqishean/AIC-REID/data/raw/retail-shop/CAM1.mp4,/Users/ohqishean/AIC-REID/experiments/dense_mot_cam1/frames/cam1_f000387.jpg,window_based_dense_subset;mid_early_reentry_candidate
88,388,2,/Users/ohqishean/AIC-REID/data/raw/retail-shop/CAM1.mp4,/Users/ohqishean/AIC-REID/experiments/dense_mot_cam1/frames/cam1_f000388.jpg,window_based_dense_subset;mid_early_reentry_candidate
89,389,2,/Users/ohqishean/AIC-REID/data/raw/retail-shop/CAM1.mp4,/Users/ohqishean/AIC-REID/experiments/dense_mot_cam1/frames/cam1_f000389.jpg,window_based_dense_subset;mid_early_reentry_candidate
90,540,3,/Users/ohqishean/AIC-REID/data/raw/retail-shop/CAM1.mp4,/Users/ohqishean/AIC-REID/experiments/dense_mot_cam1/frames/cam1_f000540.jpg,window_based_dense_subset;mid_overlap_candidate
91,541,3,/Users/ohqishean/AIC-REID/data/raw/retail-shop/CAM1.mp4,/Users/ohqishean/AIC-REID/experiments/dense_mot_cam1/frames/cam1_f000541.jpg,window_based_dense_subset;mid_overlap_candidate
92,542,3,/Users/ohqishean/AIC-REID/data/raw/retail-shop/CAM1.mp4,/Users/ohqishean/AIC-REID/experiments/dense_mot_cam1/frames/cam1_f000542.jpg,window_based_dense_subset;mid_overlap_candidate
93,543,3,/Users/ohqishean/AIC-REID/data/raw/retail-shop/CAM1.mp4,/Users/ohqishean/AIC-REID/experiments/dense_mot_cam1/frames/cam1_f000543.jpg,window_based_dense_subset;mid_overlap_candidate
94,544,3,/Users/ohqishean/AIC-REID/data/raw/retail-shop/CAM1.mp4,/Users/ohqishean/AIC-REID/experiments/dense_mot_cam1/frames/cam1_f000544.jpg,window_based_dense_subset;mid_overlap_candidate
95,545,3,/Users/ohqishean/AIC-REID/data/raw/retail-shop/CAM1.mp4,/Users/ohqishean/AIC-REID/experiments/dense_mot_cam1/frames/cam1_f000545.jpg,window_based_dense_subset;mid_overlap_candidate
96,546,3,/Users/ohqishean/AIC-REID/data/raw/retail-shop/CAM1.mp4,/Users/ohqishean/AIC-REID/experiments/dense_mot_cam1/frames/cam1_f000546.jpg,window_based_dense_subset;mid_overlap_candidate
97,547,3,/Users/ohqishean/AIC-REID/data/raw/retail-shop/CAM1.mp4,/Users/ohqishean/AIC-REID/experiments/dense_mot_cam1/frames/cam1_f000547.jpg,window_based_dense_subset;mid_overlap_candidate
98,548,3,/Users/ohqishean/AIC-REID/data/raw/retail-shop/CAM1.mp4,/Users/ohqishean/AIC-REID/experiments/dense_mot_cam1/frames/cam1_f000548.jpg,window_based_dense_subset;mid_overlap_candidate
99,549,3,/Users/ohqishean/AIC-REID/data/raw/retail-shop/CAM1.mp4,/Users/ohqishean/AIC-REID/experiments/dense_mot_cam1/frames/cam1_f000549.jpg,window_based_dense_subset;mid_overlap_candidate
100,550,3,/Users/ohqishean/AIC-REID/data/raw/retail-shop/CAM1.mp4,/Users/ohqishean/AIC-REID/experiments/dense_mot_cam1/frames/cam1_f000550.jpg,window_based_dense_subset;mid_overlap_candidate
101,551,3,/Users/ohqishean/AIC-REID/data/raw/retail-shop/CAM1.mp4,/Users/ohqishean/AIC-REID/experiments/dense_mot_cam1/frames/cam1_f000551.jpg,window_based_dense_subset;mid_overlap_candidate
102,552,3,/Users/ohqishean/AIC-REID/data/raw/retail-shop/CAM1.mp4,/Users/ohqishean/AIC-REID/experiments/dense_mot_cam1/frames/cam1_f000552.jpg,window_based_dense_subset;mid_overlap_candidate
103,553,3,/Users/ohqishean/AIC-REID/data/raw/retail-shop/CAM1.mp4,/Users/ohqishean/AIC-REID/experiments/dense_mot_cam1/frames/cam1_f000553.jpg,window_based_dense_subset;mid_overlap_candidate
104,554,3,/Users/ohqishean/AIC-REID/data/raw/retail-shop/CAM1.mp4,/Users/ohqishean/AIC-REID/experiments/dense_mot_cam1/frames/cam1_f000554.jpg,window_based_dense_subset;mid_overlap_candidate
105,555,3,/Users/ohqishean/AIC-REID/data/raw/retail-shop/CAM1.mp4,/Users/ohqishean/AIC-REID/experiments/dense_mot_cam1/frames/cam1_f000555.jpg,window_based_dense_subset;mid_overlap_candidate
106,556,3,/Users/ohqishean/AIC-REID/data/raw/retail-shop/CAM1.mp4,/Users/ohqishean/AIC-REID/experiments/dense_mot_cam1/frames/cam1_f000556.jpg,window_based_dense_subset;mid_overlap_candidate
107,557,3,/Users/ohqishean/AIC-REID/data/raw/retail-shop/CAM1.mp4,/Users/ohqishean/AIC-REID/experiments/dense_mot_cam1/frames/cam1_f000557.jpg,window_based_dense_subset;mid_overlap_candidate
108,558,3,/Users/ohqishean/AIC-REID/data/raw/retail-shop/CAM1.mp4,/Users/ohqishean/AIC-REID/experiments/dense_mot_cam1/frames/cam1_f000558.jpg,window_based_dense_subset;mid_overlap_candidate
109,559,3,/Users/ohqishean/AIC-REID/data/raw/retail-shop/CAM1.mp4,/Users/ohqishean/AIC-REID/experiments/dense_mot_cam1/frames/cam1_f000559.jpg,window_based_dense_subset;mid_overlap_candidate
110,560,3,/Users/ohqishean/AIC-REID/data/raw/retail-shop/CAM1.mp4,/Users/ohqishean/AIC-REID/experiments/dense_mot_cam1/frames/cam1_f000560.jpg,window_based_dense_subset;mid_overlap_candidate
111,561,3,/Users/ohqishean/AIC-REID/data/raw/retail-shop/CAM1.mp4,/Users/ohqishean/AIC-REID/experiments/dense_mot_cam1/frames/cam1_f000561.jpg,window_based_dense_subset;mid_overlap_candidate
112,562,3,/Users/ohqishean/AIC-REID/data/raw/retail-shop/CAM1.mp4,/Users/ohqishean/AIC-REID/experiments/dense_mot_cam1/frames/cam1_f000562.jpg,window_based_dense_subset;mid_overlap_candidate
113,563,3,/Users/ohqishean/AIC-REID/data/raw/retail-shop/CAM1.mp4,/Users/ohqishean/AIC-REID/experiments/dense_mot_cam1/frames/cam1_f000563.jpg,window_based_dense_subset;mid_overlap_candidate
114,564,3,/Users/ohqishean/AIC-REID/data/raw/retail-shop/CAM1.mp4,/Users/ohqishean/AIC-REID/experiments/dense_mot_cam1/frames/cam1_f000564.jpg,window_based_dense_subset;mid_overlap_candidate
115,565,3,/Users/ohqishean/AIC-REID/data/raw/retail-shop/CAM1.mp4,/Users/ohqishean/AIC-REID/experiments/dense_mot_cam1/frames/cam1_f000565.jpg,window_based_dense_subset;mid_overlap_candidate
116,566,3,/Users/ohqishean/AIC-REID/data/raw/retail-shop/CAM1.mp4,/Users/ohqishean/AIC-REID/experiments/dense_mot_cam1/frames/cam1_f000566.jpg,window_based_dense_subset;mid_overlap_candidate
117,567,3,/Users/ohqishean/AIC-REID/data/raw/retail-shop/CAM1.mp4,/Users/ohqishean/AIC-REID/experiments/dense_mot_cam1/frames/cam1_f000567.jpg,window_based_dense_subset;mid_overlap_candidate
118,568,3,/Users/ohqishean/AIC-REID/data/raw/retail-shop/CAM1.mp4,/Users/ohqishean/AIC-REID/experiments/dense_mot_cam1/frames/cam1_f000568.jpg,window_based_dense_subset;mid_overlap_candidate
119,569,3,/Users/ohqishean/AIC-REID/data/raw/retail-shop/CAM1.mp4,/Users/ohqishean/AIC-REID/experiments/dense_mot_cam1/frames/cam1_f000569.jpg,window_based_dense_subset;mid_overlap_candidate
120,720,4,/Users/ohqishean/AIC-REID/data/raw/retail-shop/CAM1.mp4,/Users/ohqishean/AIC-REID/experiments/dense_mot_cam1/frames/cam1_f000720.jpg,window_based_dense_subset;mid_clip_identity_pressure
121,721,4,/Users/ohqishean/AIC-REID/data/raw/retail-shop/CAM1.mp4,/Users/ohqishean/AIC-REID/experiments/dense_mot_cam1/frames/cam1_f000721.jpg,window_based_dense_subset;mid_clip_identity_pressure
122,722,4,/Users/ohqishean/AIC-REID/data/raw/retail-shop/CAM1.mp4,/Users/ohqishean/AIC-REID/experiments/dense_mot_cam1/frames/cam1_f000722.jpg,window_based_dense_subset;mid_clip_identity_pressure
123,723,4,/Users/ohqishean/AIC-REID/data/raw/retail-shop/CAM1.mp4,/Users/ohqishean/AIC-REID/experiments/dense_mot_cam1/frames/cam1_f000723.jpg,window_based_dense_subset;mid_clip_identity_pressure
124,724,4,/Users/ohqishean/AIC-REID/data/raw/retail-shop/CAM1.mp4,/Users/ohqishean/AIC-REID/experiments/dense_mot_cam1/frames/cam1_f000724.jpg,window_based_dense_subset;mid_clip_identity_pressure
125,725,4,/Users/ohqishean/AIC-REID/data/raw/retail-shop/CAM1.mp4,/Users/ohqishean/AIC-REID/experiments/dense_mot_cam1/frames/cam1_f000725.jpg,window_based_dense_subset;mid_clip_identity_pressure
126,726,4,/Users/ohqishean/AIC-REID/data/raw/retail-shop/CAM1.mp4,/Users/ohqishean/AIC-REID/experiments/dense_mot_cam1/frames/cam1_f000726.jpg,window_based_dense_subset;mid_clip_identity_pressure
127,727,4,/Users/ohqishean/AIC-REID/data/raw/retail-shop/CAM1.mp4,/Users/ohqishean/AIC-REID/experiments/dense_mot_cam1/frames/cam1_f000727.jpg,window_based_dense_subset;mid_clip_identity_pressure
128,728,4,/Users/ohqishean/AIC-REID/data/raw/retail-shop/CAM1.mp4,/Users/ohqishean/AIC-REID/experiments/dense_mot_cam1/frames/cam1_f000728.jpg,window_based_dense_subset;mid_clip_identity_pressure
129,729,4,/Users/ohqishean/AIC-REID/data/raw/retail-shop/CAM1.mp4,/Users/ohqishean/AIC-REID/experiments/dense_mot_cam1/frames/cam1_f000729.jpg,window_based_dense_subset;mid_clip_identity_pressure
130,730,4,/Users/ohqishean/AIC-REID/data/raw/retail-shop/CAM1.mp4,/Users/ohqishean/AIC-REID/experiments/dense_mot_cam1/frames/cam1_f000730.jpg,window_based_dense_subset;mid_clip_identity_pressure
131,731,4,/Users/ohqishean/AIC-REID/data/raw/retail-shop/CAM1.mp4,/Users/ohqishean/AIC-REID/experiments/dense_mot_cam1/frames/cam1_f000731.jpg,window_based_dense_subset;mid_clip_identity_pressure
132,732,4,/Users/ohqishean/AIC-REID/data/raw/retail-shop/CAM1.mp4,/Users/ohqishean/AIC-REID/experiments/dense_mot_cam1/frames/cam1_f000732.jpg,window_based_dense_subset;mid_clip_identity_pressure
133,733,4,/Users/ohqishean/AIC-REID/data/raw/retail-shop/CAM1.mp4,/Users/ohqishean/AIC-REID/experiments/dense_mot_cam1/frames/cam1_f000733.jpg,window_based_dense_subset;mid_clip_identity_pressure
134,734,4,/Users/ohqishean/AIC-REID/data/raw/retail-shop/CAM1.mp4,/Users/ohqishean/AIC-REID/experiments/dense_mot_cam1/frames/cam1_f000734.jpg,window_based_dense_subset;mid_clip_identity_pressure
135,735,4,/Users/ohqishean/AIC-REID/data/raw/retail-shop/CAM1.mp4,/Users/ohqishean/AIC-REID/experiments/dense_mot_cam1/frames/cam1_f000735.jpg,window_based_dense_subset;mid_clip_identity_pressure
136,736,4,/Users/ohqishean/AIC-REID/data/raw/retail-shop/CAM1.mp4,/Users/ohqishean/AIC-REID/experiments/dense_mot_cam1/frames/cam1_f000736.jpg,window_based_dense_subset;mid_clip_identity_pressure
137,737,4,/Users/ohqishean/AIC-REID/data/raw/retail-shop/CAM1.mp4,/Users/ohqishean/AIC-REID/experiments/dense_mot_cam1/frames/cam1_f000737.jpg,window_based_dense_subset;mid_clip_identity_pressure
138,738,4,/Users/ohqishean/AIC-REID/data/raw/retail-shop/CAM1.mp4,/Users/ohqishean/AIC-REID/experiments/dense_mot_cam1/frames/cam1_f000738.jpg,window_based_dense_subset;mid_clip_identity_pressure
139,739,4,/Users/ohqishean/AIC-REID/data/raw/retail-shop/CAM1.mp4,/Users/ohqishean/AIC-REID/experiments/dense_mot_cam1/frames/cam1_f000739.jpg,window_based_dense_subset;mid_clip_identity_pressure
140,740,4,/Users/ohqishean/AIC-REID/data/raw/retail-shop/CAM1.mp4,/Users/ohqishean/AIC-REID/experiments/dense_mot_cam1/frames/cam1_f000740.jpg,window_based_dense_subset;mid_clip_identity_pressure
141,741,4,/Users/ohqishean/AIC-REID/data/raw/retail-shop/CAM1.mp4,/Users/ohqishean/AIC-REID/experiments/dense_mot_cam1/frames/cam1_f000741.jpg,window_based_dense_subset;mid_clip_identity_pressure
142,742,4,/Users/ohqishean/AIC-REID/data/raw/retail-shop/CAM1.mp4,/Users/ohqishean/AIC-REID/experiments/dense_mot_cam1/frames/cam1_f000742.jpg,window_based_dense_subset;mid_clip_identity_pressure
143,743,4,/Users/ohqishean/AIC-REID/data/raw/retail-shop/CAM1.mp4,/Users/ohqishean/AIC-REID/experiments/dense_mot_cam1/frames/cam1_f000743.jpg,window_based_dense_subset;mid_clip_identity_pressure
144,744,4,/Users/ohqishean/AIC-REID/data/raw/retail-shop/CAM1.mp4,/Users/ohqishean/AIC-REID/experiments/dense_mot_cam1/frames/cam1_f000744.jpg,window_based_dense_subset;mid_clip_identity_pressure
145,745,4,/Users/ohqishean/AIC-REID/data/raw/retail-shop/CAM1.mp4,/Users/ohqishean/AIC-REID/experiments/dense_mot_cam1/frames/cam1_f000745.jpg,window_based_dense_subset;mid_clip_identity_pressure
146,746,4,/Users/ohqishean/AIC-REID/data/raw/retail-shop/CAM1.mp4,/Users/ohqishean/AIC-REID/experiments/dense_mot_cam1/frames/cam1_f000746.jpg,window_based_dense_subset;mid_clip_identity_pressure
147,747,4,/Users/ohqishean/AIC-REID/data/raw/retail-shop/CAM1.mp4,/Users/ohqishean/AIC-REID/experiments/dense_mot_cam1/frames/cam1_f000747.jpg,window_based_dense_subset;mid_clip_identity_pressure
148,748,4,/Users/ohqishean/AIC-REID/data/raw/retail-shop/CAM1.mp4,/Users/ohqishean/AIC-REID/experiments/dense_mot_cam1/frames/cam1_f000748.jpg,window_based_dense_subset;mid_clip_identity_pressure
149,749,4,/Users/ohqishean/AIC-REID/data/raw/retail-shop/CAM1.mp4,/Users/ohqishean/AIC-REID/experiments/dense_mot_cam1/frames/cam1_f000749.jpg,window_based_dense_subset;mid_clip_identity_pressure
150,900,5,/Users/ohqishean/AIC-REID/data/raw/retail-shop/CAM1.mp4,/Users/ohqishean/AIC-REID/experiments/dense_mot_cam1/frames/cam1_f000900.jpg,window_based_dense_subset;late_mid_reentry_candidate
151,901,5,/Users/ohqishean/AIC-REID/data/raw/retail-shop/CAM1.mp4,/Users/ohqishean/AIC-REID/experiments/dense_mot_cam1/frames/cam1_f000901.jpg,window_based_dense_subset;late_mid_reentry_candidate
152,902,5,/Users/ohqishean/AIC-REID/data/raw/retail-shop/CAM1.mp4,/Users/ohqishean/AIC-REID/experiments/dense_mot_cam1/frames/cam1_f000902.jpg,window_based_dense_subset;late_mid_reentry_candidate
153,903,5,/Users/ohqishean/AIC-REID/data/raw/retail-shop/CAM1.mp4,/Users/ohqishean/AIC-REID/experiments/dense_mot_cam1/frames/cam1_f000903.jpg,window_based_dense_subset;late_mid_reentry_candidate
154,904,5,/Users/ohqishean/AIC-REID/data/raw/retail-shop/CAM1.mp4,/Users/ohqishean/AIC-REID/experiments/dense_mot_cam1/frames/cam1_f000904.jpg,window_based_dense_subset;late_mid_reentry_candidate
155,905,5,/Users/ohqishean/AIC-REID/data/raw/retail-shop/CAM1.mp4,/Users/ohqishean/AIC-REID/experiments/dense_mot_cam1/frames/cam1_f000905.jpg,window_based_dense_subset;late_mid_reentry_candidate
156,906,5,/Users/ohqishean/AIC-REID/data/raw/retail-shop/CAM1.mp4,/Users/ohqishean/AIC-REID/experiments/dense_mot_cam1/frames/cam1_f000906.jpg,window_based_dense_subset;late_mid_reentry_candidate
157,907,5,/Users/ohqishean/AIC-REID/data/raw/retail-shop/CAM1.mp4,/Users/ohqishean/AIC-REID/experiments/dense_mot_cam1/frames/cam1_f000907.jpg,window_based_dense_subset;late_mid_reentry_candidate
158,908,5,/Users/ohqishean/AIC-REID/data/raw/retail-shop/CAM1.mp4,/Users/ohqishean/AIC-REID/experiments/dense_mot_cam1/frames/cam1_f000908.jpg,window_based_dense_subset;late_mid_reentry_candidate
159,909,5,/Users/ohqishean/AIC-REID/data/raw/retail-shop/CAM1.mp4,/Users/ohqishean/AIC-REID/experiments/dense_mot_cam1/frames/cam1_f000909.jpg,window_based_dense_subset;late_mid_reentry_candidate
160,910,5,/Users/ohqishean/AIC-REID/data/raw/retail-shop/CAM1.mp4,/Users/ohqishean/AIC-REID/experiments/dense_mot_cam1/frames/cam1_f000910.jpg,window_based_dense_subset;late_mid_reentry_candidate
161,911,5,/Users/ohqishean/AIC-REID/data/raw/retail-shop/CAM1.mp4,/Users/ohqishean/AIC-REID/experiments/dense_mot_cam1/frames/cam1_f000911.jpg,window_based_dense_subset;late_mid_reentry_candidate
162,912,5,/Users/ohqishean/AIC-REID/data/raw/retail-shop/CAM1.mp4,/Users/ohqishean/AIC-REID/experiments/dense_mot_cam1/frames/cam1_f000912.jpg,window_based_dense_subset;late_mid_reentry_candidate
163,913,5,/Users/ohqishean/AIC-REID/data/raw/retail-shop/CAM1.mp4,/Users/ohqishean/AIC-REID/experiments/dense_mot_cam1/frames/cam1_f000913.jpg,window_based_dense_subset;late_mid_reentry_candidate
164,914,5,/Users/ohqishean/AIC-REID/data/raw/retail-shop/CAM1.mp4,/Users/ohqishean/AIC-REID/experiments/dense_mot_cam1/frames/cam1_f000914.jpg,window_based_dense_subset;late_mid_reentry_candidate
165,915,5,/Users/ohqishean/AIC-REID/data/raw/retail-shop/CAM1.mp4,/Users/ohqishean/AIC-REID/experiments/dense_mot_cam1/frames/cam1_f000915.jpg,window_based_dense_subset;late_mid_reentry_candidate
166,916,5,/Users/ohqishean/AIC-REID/data/raw/retail-shop/CAM1.mp4,/Users/ohqishean/AIC-REID/experiments/dense_mot_cam1/frames/cam1_f000916.jpg,window_based_dense_subset;late_mid_reentry_candidate
167,917,5,/Users/ohqishean/AIC-REID/data/raw/retail-shop/CAM1.mp4,/Users/ohqishean/AIC-REID/experiments/dense_mot_cam1/frames/cam1_f000917.jpg,window_based_dense_subset;late_mid_reentry_candidate
168,918,5,/Users/ohqishean/AIC-REID/data/raw/retail-shop/CAM1.mp4,/Users/ohqishean/AIC-REID/experiments/dense_mot_cam1/frames/cam1_f000918.jpg,window_based_dense_subset;late_mid_reentry_candidate
169,919,5,/Users/ohqishean/AIC-REID/data/raw/retail-shop/CAM1.mp4,/Users/ohqishean/AIC-REID/experiments/dense_mot_cam1/frames/cam1_f000919.jpg,window_based_dense_subset;late_mid_reentry_candidate
170,920,5,/Users/ohqishean/AIC-REID/data/raw/retail-shop/CAM1.mp4,/Users/ohqishean/AIC-REID/experiments/dense_mot_cam1/frames/cam1_f000920.jpg,window_based_dense_subset;late_mid_reentry_candidate
171,921,5,/Users/ohqishean/AIC-REID/data/raw/retail-shop/CAM1.mp4,/Users/ohqishean/AIC-REID/experiments/dense_mot_cam1/frames/cam1_f000921.jpg,window_based_dense_subset;late_mid_reentry_candidate
172,922,5,/Users/ohqishean/AIC-REID/data/raw/retail-shop/CAM1.mp4,/Users/ohqishean/AIC-REID/experiments/dense_mot_cam1/frames/cam1_f000922.jpg,window_based_dense_subset;late_mid_reentry_candidate
173,923,5,/Users/ohqishean/AIC-REID/data/raw/retail-shop/CAM1.mp4,/Users/ohqishean/AIC-REID/experiments/dense_mot_cam1/frames/cam1_f000923.jpg,window_based_dense_subset;late_mid_reentry_candidate
174,924,5,/Users/ohqishean/AIC-REID/data/raw/retail-shop/CAM1.mp4,/Users/ohqishean/AIC-REID/experiments/dense_mot_cam1/frames/cam1_f000924.jpg,window_based_dense_subset;late_mid_reentry_candidate
175,925,5,/Users/ohqishean/AIC-REID/data/raw/retail-shop/CAM1.mp4,/Users/ohqishean/AIC-REID/experiments/dense_mot_cam1/frames/cam1_f000925.jpg,window_based_dense_subset;late_mid_reentry_candidate
176,926,5,/Users/ohqishean/AIC-REID/data/raw/retail-shop/CAM1.mp4,/Users/ohqishean/AIC-REID/experiments/dense_mot_cam1/frames/cam1_f000926.jpg,window_based_dense_subset;late_mid_reentry_candidate
177,927,5,/Users/ohqishean/AIC-REID/data/raw/retail-shop/CAM1.mp4,/Users/ohqishean/AIC-REID/experiments/dense_mot_cam1/frames/cam1_f000927.jpg,window_based_dense_subset;late_mid_reentry_candidate
178,928,5,/Users/ohqishean/AIC-REID/data/raw/retail-shop/CAM1.mp4,/Users/ohqishean/AIC-REID/experiments/dense_mot_cam1/frames/cam1_f000928.jpg,window_based_dense_subset;late_mid_reentry_candidate
179,929,5,/Users/ohqishean/AIC-REID/data/raw/retail-shop/CAM1.mp4,/Users/ohqishean/AIC-REID/experiments/dense_mot_cam1/frames/cam1_f000929.jpg,window_based_dense_subset;late_mid_reentry_candidate
180,1080,6,/Users/ohqishean/AIC-REID/data/raw/retail-shop/CAM1.mp4,/Users/ohqishean/AIC-REID/experiments/dense_mot_cam1/frames/cam1_f001080.jpg,window_based_dense_subset;late_clip_overlap_and_occlusion_candidate
181,1081,6,/Users/ohqishean/AIC-REID/data/raw/retail-shop/CAM1.mp4,/Users/ohqishean/AIC-REID/experiments/dense_mot_cam1/frames/cam1_f001081.jpg,window_based_dense_subset;late_clip_overlap_and_occlusion_candidate
182,1082,6,/Users/ohqishean/AIC-REID/data/raw/retail-shop/CAM1.mp4,/Users/ohqishean/AIC-REID/experiments/dense_mot_cam1/frames/cam1_f001082.jpg,window_based_dense_subset;late_clip_overlap_and_occlusion_candidate
183,1083,6,/Users/ohqishean/AIC-REID/data/raw/retail-shop/CAM1.mp4,/Users/ohqishean/AIC-REID/experiments/dense_mot_cam1/frames/cam1_f001083.jpg,window_based_dense_subset;late_clip_overlap_and_occlusion_candidate
184,1084,6,/Users/ohqishean/AIC-REID/data/raw/retail-shop/CAM1.mp4,/Users/ohqishean/AIC-REID/experiments/dense_mot_cam1/frames/cam1_f001084.jpg,window_based_dense_subset;late_clip_overlap_and_occlusion_candidate
185,1085,6,/Users/ohqishean/AIC-REID/data/raw/retail-shop/CAM1.mp4,/Users/ohqishean/AIC-REID/experiments/dense_mot_cam1/frames/cam1_f001085.jpg,window_based_dense_subset;late_clip_overlap_and_occlusion_candidate
186,1086,6,/Users/ohqishean/AIC-REID/data/raw/retail-shop/CAM1.mp4,/Users/ohqishean/AIC-REID/experiments/dense_mot_cam1/frames/cam1_f001086.jpg,window_based_dense_subset;late_clip_overlap_and_occlusion_candidate
187,1087,6,/Users/ohqishean/AIC-REID/data/raw/retail-shop/CAM1.mp4,/Users/ohqishean/AIC-REID/experiments/dense_mot_cam1/frames/cam1_f001087.jpg,window_based_dense_subset;late_clip_overlap_and_occlusion_candidate
188,1088,6,/Users/ohqishean/AIC-REID/data/raw/retail-shop/CAM1.mp4,/Users/ohqishean/AIC-REID/experiments/dense_mot_cam1/frames/cam1_f001088.jpg,window_based_dense_subset;late_clip_overlap_and_occlusion_candidate
189,1089,6,/Users/ohqishean/AIC-REID/data/raw/retail-shop/CAM1.mp4,/Users/ohqishean/AIC-REID/experiments/dense_mot_cam1/frames/cam1_f001089.jpg,window_based_dense_subset;late_clip_overlap_and_occlusion_candidate
190,1090,6,/Users/ohqishean/AIC-REID/data/raw/retail-shop/CAM1.mp4,/Users/ohqishean/AIC-REID/experiments/dense_mot_cam1/frames/cam1_f001090.jpg,window_based_dense_subset;late_clip_overlap_and_occlusion_candidate
191,1091,6,/Users/ohqishean/AIC-REID/data/raw/retail-shop/CAM1.mp4,/Users/ohqishean/AIC-REID/experiments/dense_mot_cam1/frames/cam1_f001091.jpg,window_based_dense_subset;late_clip_overlap_and_occlusion_candidate
192,1092,6,/Users/ohqishean/AIC-REID/data/raw/retail-shop/CAM1.mp4,/Users/ohqishean/AIC-REID/experiments/dense_mot_cam1/frames/cam1_f001092.jpg,window_based_dense_subset;late_clip_overlap_and_occlusion_candidate
193,1093,6,/Users/ohqishean/AIC-REID/data/raw/retail-shop/CAM1.mp4,/Users/ohqishean/AIC-REID/experiments/dense_mot_cam1/frames/cam1_f001093.jpg,window_based_dense_subset;late_clip_overlap_and_occlusion_candidate
194,1094,6,/Users/ohqishean/AIC-REID/data/raw/retail-shop/CAM1.mp4,/Users/ohqishean/AIC-REID/experiments/dense_mot_cam1/frames/cam1_f001094.jpg,window_based_dense_subset;late_clip_overlap_and_occlusion_candidate
195,1095,6,/Users/ohqishean/AIC-REID/data/raw/retail-shop/CAM1.mp4,/Users/ohqishean/AIC-REID/experiments/dense_mot_cam1/frames/cam1_f001095.jpg,window_based_dense_subset;late_clip_overlap_and_occlusion_candidate
196,1096,6,/Users/ohqishean/AIC-REID/data/raw/retail-shop/CAM1.mp4,/Users/ohqishean/AIC-REID/experiments/dense_mot_cam1/frames/cam1_f001096.jpg,window_based_dense_subset;late_clip_overlap_and_occlusion_candidate
197,1097,6,/Users/ohqishean/AIC-REID/data/raw/retail-shop/CAM1.mp4,/Users/ohqishean/AIC-REID/experiments/dense_mot_cam1/frames/cam1_f001097.jpg,window_based_dense_subset;late_clip_overlap_and_occlusion_candidate
198,1098,6,/Users/ohqishean/AIC-REID/data/raw/retail-shop/CAM1.mp4,/Users/ohqishean/AIC-REID/experiments/dense_mot_cam1/frames/cam1_f001098.jpg,window_based_dense_subset;late_clip_overlap_and_occlusion_candidate
199,1099,6,/Users/ohqishean/AIC-REID/data/raw/retail-shop/CAM1.mp4,/Users/ohqishean/AIC-REID/experiments/dense_mot_cam1/frames/cam1_f001099.jpg,window_based_dense_subset;late_clip_overlap_and_occlusion_candidate
200,1100,6,/Users/ohqishean/AIC-REID/data/raw/retail-shop/CAM1.mp4,/Users/ohqishean/AIC-REID/experiments/dense_mot_cam1/frames/cam1_f001100.jpg,window_based_dense_subset;late_clip_overlap_and_occlusion_candidate
201,1101,6,/Users/ohqishean/AIC-REID/data/raw/retail-shop/CAM1.mp4,/Users/ohqishean/AIC-REID/experiments/dense_mot_cam1/frames/cam1_f001101.jpg,window_based_dense_subset;late_clip_overlap_and_occlusion_candidate
202,1102,6,/Users/ohqishean/AIC-REID/data/raw/retail-shop/CAM1.mp4,/Users/ohqishean/AIC-REID/experiments/dense_mot_cam1/frames/cam1_f001102.jpg,window_based_dense_subset;late_clip_overlap_and_occlusion_candidate
203,1103,6,/Users/ohqishean/AIC-REID/data/raw/retail-shop/CAM1.mp4,/Users/ohqishean/AIC-REID/experiments/dense_mot_cam1/frames/cam1_f001103.jpg,window_based_dense_subset;late_clip_overlap_and_occlusion_candidate
204,1104,6,/Users/ohqishean/AIC-REID/data/raw/retail-shop/CAM1.mp4,/Users/ohqishean/AIC-REID/experiments/dense_mot_cam1/frames/cam1_f001104.jpg,window_based_dense_subset;late_clip_overlap_and_occlusion_candidate
205,1105,6,/Users/ohqishean/AIC-REID/data/raw/retail-shop/CAM1.mp4,/Users/ohqishean/AIC-REID/experiments/dense_mot_cam1/frames/cam1_f001105.jpg,window_based_dense_subset;late_clip_overlap_and_occlusion_candidate
206,1106,6,/Users/ohqishean/AIC-REID/data/raw/retail-shop/CAM1.mp4,/Users/ohqishean/AIC-REID/experiments/dense_mot_cam1/frames/cam1_f001106.jpg,window_based_dense_subset;late_clip_overlap_and_occlusion_candidate
207,1107,6,/Users/ohqishean/AIC-REID/data/raw/retail-shop/CAM1.mp4,/Users/ohqishean/AIC-REID/experiments/dense_mot_cam1/frames/cam1_f001107.jpg,window_based_dense_subset;late_clip_overlap_and_occlusion_candidate
208,1108,6,/Users/ohqishean/AIC-REID/data/raw/retail-shop/CAM1.mp4,/Users/ohqishean/AIC-REID/experiments/dense_mot_cam1/frames/cam1_f001108.jpg,window_based_dense_subset;late_clip_overlap_and_occlusion_candidate
209,1109,6,/Users/ohqishean/AIC-REID/data/raw/retail-shop/CAM1.mp4,/Users/ohqishean/AIC-REID/experiments/dense_mot_cam1/frames/cam1_f001109.jpg,window_based_dense_subset;late_clip_overlap_and_occlusion_candidate
210,1260,7,/Users/ohqishean/AIC-REID/data/raw/retail-shop/CAM1.mp4,/Users/ohqishean/AIC-REID/experiments/dense_mot_cam1/frames/cam1_f001260.jpg,window_based_dense_subset;late_clip_group_motion_candidate
211,1261,7,/Users/ohqishean/AIC-REID/data/raw/retail-shop/CAM1.mp4,/Users/ohqishean/AIC-REID/experiments/dense_mot_cam1/frames/cam1_f001261.jpg,window_based_dense_subset;late_clip_group_motion_candidate
212,1262,7,/Users/ohqishean/AIC-REID/data/raw/retail-shop/CAM1.mp4,/Users/ohqishean/AIC-REID/experiments/dense_mot_cam1/frames/cam1_f001262.jpg,window_based_dense_subset;late_clip_group_motion_candidate
213,1263,7,/Users/ohqishean/AIC-REID/data/raw/retail-shop/CAM1.mp4,/Users/ohqishean/AIC-REID/experiments/dense_mot_cam1/frames/cam1_f001263.jpg,window_based_dense_subset;late_clip_group_motion_candidate
214,1264,7,/Users/ohqishean/AIC-REID/data/raw/retail-shop/CAM1.mp4,/Users/ohqishean/AIC-REID/experiments/dense_mot_cam1/frames/cam1_f001264.jpg,window_based_dense_subset;late_clip_group_motion_candidate
215,1265,7,/Users/ohqishean/AIC-REID/data/raw/retail-shop/CAM1.mp4,/Users/ohqishean/AIC-REID/experiments/dense_mot_cam1/frames/cam1_f001265.jpg,window_based_dense_subset;late_clip_group_motion_candidate
216,1266,7,/Users/ohqishean/AIC-REID/data/raw/retail-shop/CAM1.mp4,/Users/ohqishean/AIC-REID/experiments/dense_mot_cam1/frames/cam1_f001266.jpg,window_based_dense_subset;late_clip_group_motion_candidate
217,1267,7,/Users/ohqishean/AIC-REID/data/raw/retail-shop/CAM1.mp4,/Users/ohqishean/AIC-REID/experiments/dense_mot_cam1/frames/cam1_f001267.jpg,window_based_dense_subset;late_clip_group_motion_candidate
218,1268,7,/Users/ohqishean/AIC-REID/data/raw/retail-shop/CAM1.mp4,/Users/ohqishean/AIC-REID/experiments/dense_mot_cam1/frames/cam1_f001268.jpg,window_based_dense_subset;late_clip_group_motion_candidate
219,1269,7,/Users/ohqishean/AIC-REID/data/raw/retail-shop/CAM1.mp4,/Users/ohqishean/AIC-REID/experiments/dense_mot_cam1/frames/cam1_f001269.jpg,window_based_dense_subset;late_clip_group_motion_candidate
220,1270,7,/Users/ohqishean/AIC-REID/data/raw/retail-shop/CAM1.mp4,/Users/ohqishean/AIC-REID/experiments/dense_mot_cam1/frames/cam1_f001270.jpg,window_based_dense_subset;late_clip_group_motion_candidate
221,1271,7,/Users/ohqishean/AIC-REID/data/raw/retail-shop/CAM1.mp4,/Users/ohqishean/AIC-REID/experiments/dense_mot_cam1/frames/cam1_f001271.jpg,window_based_dense_subset;late_clip_group_motion_candidate
222,1272,7,/Users/ohqishean/AIC-REID/data/raw/retail-shop/CAM1.mp4,/Users/ohqishean/AIC-REID/experiments/dense_mot_cam1/frames/cam1_f001272.jpg,window_based_dense_subset;late_clip_group_motion_candidate
223,1273,7,/Users/ohqishean/AIC-REID/data/raw/retail-shop/CAM1.mp4,/Users/ohqishean/AIC-REID/experiments/dense_mot_cam1/frames/cam1_f001273.jpg,window_based_dense_subset;late_clip_group_motion_candidate
224,1274,7,/Users/ohqishean/AIC-REID/data/raw/retail-shop/CAM1.mp4,/Users/ohqishean/AIC-REID/experiments/dense_mot_cam1/frames/cam1_f001274.jpg,window_based_dense_subset;late_clip_group_motion_candidate
225,1275,7,/Users/ohqishean/AIC-REID/data/raw/retail-shop/CAM1.mp4,/Users/ohqishean/AIC-REID/experiments/dense_mot_cam1/frames/cam1_f001275.jpg,window_based_dense_subset;late_clip_group_motion_candidate
226,1276,7,/Users/ohqishean/AIC-REID/data/raw/retail-shop/CAM1.mp4,/Users/ohqishean/AIC-REID/experiments/dense_mot_cam1/frames/cam1_f001276.jpg,window_based_dense_subset;late_clip_group_motion_candidate
227,1277,7,/Users/ohqishean/AIC-REID/data/raw/retail-shop/CAM1.mp4,/Users/ohqishean/AIC-REID/experiments/dense_mot_cam1/frames/cam1_f001277.jpg,window_based_dense_subset;late_clip_group_motion_candidate
228,1278,7,/Users/ohqishean/AIC-REID/data/raw/retail-shop/CAM1.mp4,/Users/ohqishean/AIC-REID/experiments/dense_mot_cam1/frames/cam1_f001278.jpg,window_based_dense_subset;late_clip_group_motion_candidate
229,1279,7,/Users/ohqishean/AIC-REID/data/raw/retail-shop/CAM1.mp4,/Users/ohqishean/AIC-REID/experiments/dense_mot_cam1/frames/cam1_f001279.jpg,window_based_dense_subset;late_clip_group_motion_candidate
230,1280,7,/Users/ohqishean/AIC-REID/data/raw/retail-shop/CAM1.mp4,/Users/ohqishean/AIC-REID/experiments/dense_mot_cam1/frames/cam1_f001280.jpg,window_based_dense_subset;late_clip_group_motion_candidate
231,1281,7,/Users/ohqishean/AIC-REID/data/raw/retail-shop/CAM1.mp4,/Users/ohqishean/AIC-REID/experiments/dense_mot_cam1/frames/cam1_f001281.jpg,window_based_dense_subset;late_clip_group_motion_candidate
232,1282,7,/Users/ohqishean/AIC-REID/data/raw/retail-shop/CAM1.mp4,/Users/ohqishean/AIC-REID/experiments/dense_mot_cam1/frames/cam1_f001282.jpg,window_based_dense_subset;late_clip_group_motion_candidate
233,1283,7,/Users/ohqishean/AIC-REID/data/raw/retail-shop/CAM1.mp4,/Users/ohqishean/AIC-REID/experiments/dense_mot_cam1/frames/cam1_f001283.jpg,window_based_dense_subset;late_clip_group_motion_candidate
234,1284,7,/Users/ohqishean/AIC-REID/data/raw/retail-shop/CAM1.mp4,/Users/ohqishean/AIC-REID/experiments/dense_mot_cam1/frames/cam1_f001284.jpg,window_based_dense_subset;late_clip_group_motion_candidate
235,1285,7,/Users/ohqishean/AIC-REID/data/raw/retail-shop/CAM1.mp4,/Users/ohqishean/AIC-REID/experiments/dense_mot_cam1/frames/cam1_f001285.jpg,window_based_dense_subset;late_clip_group_motion_candidate
236,1286,7,/Users/ohqishean/AIC-REID/data/raw/retail-shop/CAM1.mp4,/Users/ohqishean/AIC-REID/experiments/dense_mot_cam1/frames/cam1_f001286.jpg,window_based_dense_subset;late_clip_group_motion_candidate
237,1287,7,/Users/ohqishean/AIC-REID/data/raw/retail-shop/CAM1.mp4,/Users/ohqishean/AIC-REID/experiments/dense_mot_cam1/frames/cam1_f001287.jpg,window_based_dense_subset;late_clip_group_motion_candidate
238,1288,7,/Users/ohqishean/AIC-REID/data/raw/retail-shop/CAM1.mp4,/Users/ohqishean/AIC-REID/experiments/dense_mot_cam1/frames/cam1_f001288.jpg,window_based_dense_subset;late_clip_group_motion_candidate
239,1289,7,/Users/ohqishean/AIC-REID/data/raw/retail-shop/CAM1.mp4,/Users/ohqishean/AIC-REID/experiments/dense_mot_cam1/frames/cam1_f001289.jpg,window_based_dense_subset;late_clip_group_motion_candidate
240,1440,8,/Users/ohqishean/AIC-REID/data/raw/retail-shop/CAM1.mp4,/Users/ohqishean/AIC-REID/experiments/dense_mot_cam1/frames/cam1_f001440.jpg,window_based_dense_subset;near_end_density_and_visibility_shift
241,1441,8,/Users/ohqishean/AIC-REID/data/raw/retail-shop/CAM1.mp4,/Users/ohqishean/AIC-REID/experiments/dense_mot_cam1/frames/cam1_f001441.jpg,window_based_dense_subset;near_end_density_and_visibility_shift
242,1442,8,/Users/ohqishean/AIC-REID/data/raw/retail-shop/CAM1.mp4,/Users/ohqishean/AIC-REID/experiments/dense_mot_cam1/frames/cam1_f001442.jpg,window_based_dense_subset;near_end_density_and_visibility_shift
243,1443,8,/Users/ohqishean/AIC-REID/data/raw/retail-shop/CAM1.mp4,/Users/ohqishean/AIC-REID/experiments/dense_mot_cam1/frames/cam1_f001443.jpg,window_based_dense_subset;near_end_density_and_visibility_shift
244,1444,8,/Users/ohqishean/AIC-REID/data/raw/retail-shop/CAM1.mp4,/Users/ohqishean/AIC-REID/experiments/dense_mot_cam1/frames/cam1_f001444.jpg,window_based_dense_subset;near_end_density_and_visibility_shift
245,1445,8,/Users/ohqishean/AIC-REID/data/raw/retail-shop/CAM1.mp4,/Users/ohqishean/AIC-REID/experiments/dense_mot_cam1/frames/cam1_f001445.jpg,window_based_dense_subset;near_end_density_and_visibility_shift
246,1446,8,/Users/ohqishean/AIC-REID/data/raw/retail-shop/CAM1.mp4,/Users/ohqishean/AIC-REID/experiments/dense_mot_cam1/frames/cam1_f001446.jpg,window_based_dense_subset;near_end_density_and_visibility_shift
247,1447,8,/Users/ohqishean/AIC-REID/data/raw/retail-shop/CAM1.mp4,/Users/ohqishean/AIC-REID/experiments/dense_mot_cam1/frames/cam1_f001447.jpg,window_based_dense_subset;near_end_density_and_visibility_shift
248,1448,8,/Users/ohqishean/AIC-REID/data/raw/retail-shop/CAM1.mp4,/Users/ohqishean/AIC-REID/experiments/dense_mot_cam1/frames/cam1_f001448.jpg,window_based_dense_subset;near_end_density_and_visibility_shift
249,1449,8,/Users/ohqishean/AIC-REID/data/raw/retail-shop/CAM1.mp4,/Users/ohqishean/AIC-REID/experiments/dense_mot_cam1/frames/cam1_f001449.jpg,window_based_dense_subset;near_end_density_and_visibility_shift
250,1450,8,/Users/ohqishean/AIC-REID/data/raw/retail-shop/CAM1.mp4,/Users/ohqishean/AIC-REID/experiments/dense_mot_cam1/frames/cam1_f001450.jpg,window_based_dense_subset;near_end_density_and_visibility_shift
251,1451,8,/Users/ohqishean/AIC-REID/data/raw/retail-shop/CAM1.mp4,/Users/ohqishean/AIC-REID/experiments/dense_mot_cam1/frames/cam1_f001451.jpg,window_based_dense_subset;near_end_density_and_visibility_shift
252,1452,8,/Users/ohqishean/AIC-REID/data/raw/retail-shop/CAM1.mp4,/Users/ohqishean/AIC-REID/experiments/dense_mot_cam1/frames/cam1_f001452.jpg,window_based_dense_subset;near_end_density_and_visibility_shift
253,1453,8,/Users/ohqishean/AIC-REID/data/raw/retail-shop/CAM1.mp4,/Users/ohqishean/AIC-REID/experiments/dense_mot_cam1/frames/cam1_f001453.jpg,window_based_dense_subset;near_end_density_and_visibility_shift
254,1454,8,/Users/ohqishean/AIC-REID/data/raw/retail-shop/CAM1.mp4,/Users/ohqishean/AIC-REID/experiments/dense_mot_cam1/frames/cam1_f001454.jpg,window_based_dense_subset;near_end_density_and_visibility_shift
255,1455,8,/Users/ohqishean/AIC-REID/data/raw/retail-shop/CAM1.mp4,/Users/ohqishean/AIC-REID/experiments/dense_mot_cam1/frames/cam1_f001455.jpg,window_based_dense_subset;near_end_density_and_visibility_shift
256,1456,8,/Users/ohqishean/AIC-REID/data/raw/retail-shop/CAM1.mp4,/Users/ohqishean/AIC-REID/experiments/dense_mot_cam1/frames/cam1_f001456.jpg,window_based_dense_subset;near_end_density_and_visibility_shift
257,1457,8,/Users/ohqishean/AIC-REID/data/raw/retail-shop/CAM1.mp4,/Users/ohqishean/AIC-REID/experiments/dense_mot_cam1/frames/cam1_f001457.jpg,window_based_dense_subset;near_end_density_and_visibility_shift
258,1458,8,/Users/ohqishean/AIC-REID/data/raw/retail-shop/CAM1.mp4,/Users/ohqishean/AIC-REID/experiments/dense_mot_cam1/frames/cam1_f001458.jpg,window_based_dense_subset;near_end_density_and_visibility_shift
259,1459,8,/Users/ohqishean/AIC-REID/data/raw/retail-shop/CAM1.mp4,/Users/ohqishean/AIC-REID/experiments/dense_mot_cam1/frames/cam1_f001459.jpg,window_based_dense_subset;near_end_density_and_visibility_shift
260,1460,8,/Users/ohqishean/AIC-REID/data/raw/retail-shop/CAM1.mp4,/Users/ohqishean/AIC-REID/experiments/dense_mot_cam1/frames/cam1_f001460.jpg,window_based_dense_subset;near_end_density_and_visibility_shift
261,1461,8,/Users/ohqishean/AIC-REID/data/raw/retail-shop/CAM1.mp4,/Users/ohqishean/AIC-REID/experiments/dense_mot_cam1/frames/cam1_f001461.jpg,window_based_dense_subset;near_end_density_and_visibility_shift
262,1462,8,/Users/ohqishean/AIC-REID/data/raw/retail-shop/CAM1.mp4,/Users/ohqishean/AIC-REID/experiments/dense_mot_cam1/frames/cam1_f001462.jpg,window_based_dense_subset;near_end_density_and_visibility_shift
263,1463,8,/Users/ohqishean/AIC-REID/data/raw/retail-shop/CAM1.mp4,/Users/ohqishean/AIC-REID/experiments/dense_mot_cam1/frames/cam1_f001463.jpg,window_based_dense_subset;near_end_density_and_visibility_shift
264,1464,8,/Users/ohqishean/AIC-REID/data/raw/retail-shop/CAM1.mp4,/Users/ohqishean/AIC-REID/experiments/dense_mot_cam1/frames/cam1_f001464.jpg,window_based_dense_subset;near_end_density_and_visibility_shift
265,1465,8,/Users/ohqishean/AIC-REID/data/raw/retail-shop/CAM1.mp4,/Users/ohqishean/AIC-REID/experiments/dense_mot_cam1/frames/cam1_f001465.jpg,window_based_dense_subset;near_end_density_and_visibility_shift
266,1466,8,/Users/ohqishean/AIC-REID/data/raw/retail-shop/CAM1.mp4,/Users/ohqishean/AIC-REID/experiments/dense_mot_cam1/frames/cam1_f001466.jpg,window_based_dense_subset;near_end_density_and_visibility_shift
267,1467,8,/Users/ohqishean/AIC-REID/data/raw/retail-shop/CAM1.mp4,/Users/ohqishean/AIC-REID/experiments/dense_mot_cam1/frames/cam1_f001467.jpg,window_based_dense_subset;near_end_density_and_visibility_shift
268,1468,8,/Users/ohqishean/AIC-REID/data/raw/retail-shop/CAM1.mp4,/Users/ohqishean/AIC-REID/experiments/dense_mot_cam1/frames/cam1_f001468.jpg,window_based_dense_subset;near_end_density_and_visibility_shift
269,1469,8,/Users/ohqishean/AIC-REID/data/raw/retail-shop/CAM1.mp4,/Users/ohqishean/AIC-REID/experiments/dense_mot_cam1/frames/cam1_f001469.jpg,window_based_dense_subset;near_end_density_and_visibility_shift
270,1710,9,/Users/ohqishean/AIC-REID/data/raw/retail-shop/CAM1.mp4,/Users/ohqishean/AIC-REID/experiments/dense_mot_cam1/frames/cam1_f001710.jpg,window_based_dense_subset;end_segment_reentry_and_departure_candidate
271,1711,9,/Users/ohqishean/AIC-REID/data/raw/retail-shop/CAM1.mp4,/Users/ohqishean/AIC-REID/experiments/dense_mot_cam1/frames/cam1_f001711.jpg,window_based_dense_subset;end_segment_reentry_and_departure_candidate
272,1712,9,/Users/ohqishean/AIC-REID/data/raw/retail-shop/CAM1.mp4,/Users/ohqishean/AIC-REID/experiments/dense_mot_cam1/frames/cam1_f001712.jpg,window_based_dense_subset;end_segment_reentry_and_departure_candidate
273,1713,9,/Users/ohqishean/AIC-REID/data/raw/retail-shop/CAM1.mp4,/Users/ohqishean/AIC-REID/experiments/dense_mot_cam1/frames/cam1_f001713.jpg,window_based_dense_subset;end_segment_reentry_and_departure_candidate
274,1714,9,/Users/ohqishean/AIC-REID/data/raw/retail-shop/CAM1.mp4,/Users/ohqishean/AIC-REID/experiments/dense_mot_cam1/frames/cam1_f001714.jpg,window_based_dense_subset;end_segment_reentry_and_departure_candidate
275,1715,9,/Users/ohqishean/AIC-REID/data/raw/retail-shop/CAM1.mp4,/Users/ohqishean/AIC-REID/experiments/dense_mot_cam1/frames/cam1_f001715.jpg,window_based_dense_subset;end_segment_reentry_and_departure_candidate
276,1716,9,/Users/ohqishean/AIC-REID/data/raw/retail-shop/CAM1.mp4,/Users/ohqishean/AIC-REID/experiments/dense_mot_cam1/frames/cam1_f001716.jpg,window_based_dense_subset;end_segment_reentry_and_departure_candidate
277,1717,9,/Users/ohqishean/AIC-REID/data/raw/retail-shop/CAM1.mp4,/Users/ohqishean/AIC-REID/experiments/dense_mot_cam1/frames/cam1_f001717.jpg,window_based_dense_subset;end_segment_reentry_and_departure_candidate
278,1718,9,/Users/ohqishean/AIC-REID/data/raw/retail-shop/CAM1.mp4,/Users/ohqishean/AIC-REID/experiments/dense_mot_cam1/frames/cam1_f001718.jpg,window_based_dense_subset;end_segment_reentry_and_departure_candidate
279,1719,9,/Users/ohqishean/AIC-REID/data/raw/retail-shop/CAM1.mp4,/Users/ohqishean/AIC-REID/experiments/dense_mot_cam1/frames/cam1_f001719.jpg,window_based_dense_subset;end_segment_reentry_and_departure_candidate
280,1720,9,/Users/ohqishean/AIC-REID/data/raw/retail-shop/CAM1.mp4,/Users/ohqishean/AIC-REID/experiments/dense_mot_cam1/frames/cam1_f001720.jpg,window_based_dense_subset;end_segment_reentry_and_departure_candidate
281,1721,9,/Users/ohqishean/AIC-REID/data/raw/retail-shop/CAM1.mp4,/Users/ohqishean/AIC-REID/experiments/dense_mot_cam1/frames/cam1_f001721.jpg,window_based_dense_subset;end_segment_reentry_and_departure_candidate
282,1722,9,/Users/ohqishean/AIC-REID/data/raw/retail-shop/CAM1.mp4,/Users/ohqishean/AIC-REID/experiments/dense_mot_cam1/frames/cam1_f001722.jpg,window_based_dense_subset;end_segment_reentry_and_departure_candidate
283,1723,9,/Users/ohqishean/AIC-REID/data/raw/retail-shop/CAM1.mp4,/Users/ohqishean/AIC-REID/experiments/dense_mot_cam1/frames/cam1_f001723.jpg,window_based_dense_subset;end_segment_reentry_and_departure_candidate
284,1724,9,/Users/ohqishean/AIC-REID/data/raw/retail-shop/CAM1.mp4,/Users/ohqishean/AIC-REID/experiments/dense_mot_cam1/frames/cam1_f001724.jpg,window_based_dense_subset;end_segment_reentry_and_departure_candidate
285,1725,9,/Users/ohqishean/AIC-REID/data/raw/retail-shop/CAM1.mp4,/Users/ohqishean/AIC-REID/experiments/dense_mot_cam1/frames/cam1_f001725.jpg,window_based_dense_subset;end_segment_reentry_and_departure_candidate
286,1726,9,/Users/ohqishean/AIC-REID/data/raw/retail-shop/CAM1.mp4,/Users/ohqishean/AIC-REID/experiments/dense_mot_cam1/frames/cam1_f001726.jpg,window_based_dense_subset;end_segment_reentry_and_departure_candidate
287,1727,9,/Users/ohqishean/AIC-REID/data/raw/retail-shop/CAM1.mp4,/Users/ohqishean/AIC-REID/experiments/dense_mot_cam1/frames/cam1_f001727.jpg,window_based_dense_subset;end_segment_reentry_and_departure_candidate
288,1728,9,/Users/ohqishean/AIC-REID/data/raw/retail-shop/CAM1.mp4,/Users/ohqishean/AIC-REID/experiments/dense_mot_cam1/frames/cam1_f001728.jpg,window_based_dense_subset;end_segment_reentry_and_departure_candidate
289,1729,9,/Users/ohqishean/AIC-REID/data/raw/retail-shop/CAM1.mp4,/Users/ohqishean/AIC-REID/experiments/dense_mot_cam1/frames/cam1_f001729.jpg,window_based_dense_subset;end_segment_reentry_and_departure_candidate
290,1730,9,/Users/ohqishean/AIC-REID/data/raw/retail-shop/CAM1.mp4,/Users/ohqishean/AIC-REID/experiments/dense_mot_cam1/frames/cam1_f001730.jpg,window_based_dense_subset;end_segment_reentry_and_departure_candidate
291,1731,9,/Users/ohqishean/AIC-REID/data/raw/retail-shop/CAM1.mp4,/Users/ohqishean/AIC-REID/experiments/dense_mot_cam1/frames/cam1_f001731.jpg,window_based_dense_subset;end_segment_reentry_and_departure_candidate
292,1732,9,/Users/ohqishean/AIC-REID/data/raw/retail-shop/CAM1.mp4,/Users/ohqishean/AIC-REID/experiments/dense_mot_cam1/frames/cam1_f001732.jpg,window_based_dense_subset;end_segment_reentry_and_departure_candidate
293,1733,9,/Users/ohqishean/AIC-REID/data/raw/retail-shop/CAM1.mp4,/Users/ohqishean/AIC-REID/experiments/dense_mot_cam1/frames/cam1_f001733.jpg,window_based_dense_subset;end_segment_reentry_and_departure_candidate
294,1734,9,/Users/ohqishean/AIC-REID/data/raw/retail-shop/CAM1.mp4,/Users/ohqishean/AIC-REID/experiments/dense_mot_cam1/frames/cam1_f001734.jpg,window_based_dense_subset;end_segment_reentry_and_departure_candidate
295,1735,9,/Users/ohqishean/AIC-REID/data/raw/retail-shop/CAM1.mp4,/Users/ohqishean/AIC-REID/experiments/dense_mot_cam1/frames/cam1_f001735.jpg,window_based_dense_subset;end_segment_reentry_and_departure_candidate
296,1736,9,/Users/ohqishean/AIC-REID/data/raw/retail-shop/CAM1.mp4,/Users/ohqishean/AIC-REID/experiments/dense_mot_cam1/frames/cam1_f001736.jpg,window_based_dense_subset;end_segment_reentry_and_departure_candidate
297,1737,9,/Users/ohqishean/AIC-REID/data/raw/retail-shop/CAM1.mp4,/Users/ohqishean/AIC-REID/experiments/dense_mot_cam1/frames/cam1_f001737.jpg,window_based_dense_subset;end_segment_reentry_and_departure_candidate
298,1738,9,/Users/ohqishean/AIC-REID/data/raw/retail-shop/CAM1.mp4,/Users/ohqishean/AIC-REID/experiments/dense_mot_cam1/frames/cam1_f001738.jpg,window_based_dense_subset;end_segment_reentry_and_departure_candidate
299,1739,9,/Users/ohqishean/AIC-REID/data/raw/retail-shop/CAM1.mp4,/Users/ohqishean/AIC-REID/experiments/dense_mot_cam1/frames/cam1_f001739.jpg,window_based_dense_subset;end_segment_reentry_and_departure_candidate
